Views,Date,Time
14500,2019-08-29,12:23
563,2019-08-29,12:25
24000,2019-08-29,18:10
756,2019-10-23,05:14
125000,2019-10-23,23:08
1400,2019-10-23,23:17
856,2019-10-27,05:46
926,2019-10-27,08:48
414,2019-10-27,13:37
334,2019-10-27,17:07
408,2019-10-28,14:12
407,2019-10-28,14:13
423,2019-10-28,14:13
82000,2019-10-28,14:22
563,2019-10-28,14:22
24000,2019-10-29,10:46
756,2019-10-30,22:54
125000,2019-10-23,05:14
1400,2019-10-23,23:08
856,2019-10-23,23:17
926,2019-10-27,05:46
414,2019-10-27,08:48
334,2019-10-27,13:37
408,2019-10-27,17:07
407,2019-10-28,14:12
423,2019-10-28,14:13
82000,2019-10-28,14:13
563,2019-10-28,14:22
24000,2019-10-28,14:22
756,2019-10-29,10:46
125000,2019-10-30,22:54
1400,2019-10-23,05:14
856,2019-10-23,23:08
926,2019-10-23,23:17
414,2019-10-27,05:46
334,2019-10-27,08:48
408,2019-10-27,13:37
407,2019-10-27,17:07
423,2019-10-28,14:12
82000,2019-10-28,14:13
563,2019-10-28,14:13
24000,2019-10-28,14:22
756,2019-10-28,14:22
125000,2019-10-29,10:46
1400,2019-10-30,22:54
856,2019-10-23,05:14
926,2019-10-23,23:08
414,2019-10-23,23:17
334,2019-10-27,05:46
408,2019-10-27,08:48
407,2019-10-27,13:37
423,2019-10-27,17:07
82000,2019-10-28,14:12
563,2019-10-28,14:13
24000,2019-10-28,14:13
756,2019-10-28,14:22
125000,2019-10-28,14:22
1400,2019-10-29,10:46
856,2019-10-30,22:54
926,2019-10-23,05:14
414,2019-10-23,23:08
334,2019-10-23,23:17
408,2019-10-27,05:46
407,2019-10-27,08:48
423,2019-10-27,13:37
82000,2019-10-27,17:07
563,2019-10-28,14:12
24000,2019-10-28,14:13
756,2019-10-28,14:13
125000,2019-10-28,14:22
1400,2019-10-28,14:22
856,2019-10-29,10:46
926,2019-10-30,22:54
414,2019-10-23,05:14
334,2019-10-23,23:08
408,2019-10-23,23:17
407,2019-10-27,05:46
423,2019-10-27,08:48
82000,2019-10-27,13:37
563,2019-10-27,17:07
24000,2019-10-28,14:12
756,2019-10-28,14:13
125000,2019-10-28,14:13
1400,2019-10-28,14:22
856,2019-10-28,14:22
926,2019-10-29,10:46
414,2019-10-30,22:54
334,2019-10-23,05:14
408,2019-10-23,23:08
407,2019-10-23,23:17
423,2019-10-27,05:46
82000,2019-10-27,08:48
563,2019-10-27,13:37
24000,2019-10-27,17:07
756,2019-10-28,14:12
125000,2019-10-28,14:13
1400,2019-10-28,14:13
856,2019-10-28,14:22
926,2019-10-28,14:22
414,2019-10-29,10:46
334,2019-10-30,22:54
408,2019-10-23,05:14
407,2019-10-23,23:08
423,2019-10-23,23:17
82000,2019-10-27,05:46
563,2019-10-27,08:48
24000,2019-10-27,13:37
756,2019-10-27,17:07
125000,2019-10-28,14:12
1400,2019-10-28,14:13
856,2019-10-28,14:13
926,2019-10-28,14:22
414,2019-10-28,14:22
334,2019-10-29,10:46
408,2019-10-30,22:54
407,2019-10-23,05:14
423,2019-10-23,23:08
82000,2019-10-23,23:17
563,2019-10-27,05:46
24000,2019-10-27,08:48
756,2019-10-27,13:37
125000,2019-10-27,17:07
1400,2019-10-28,14:12
856,2019-10-28,14:13
926,2019-10-28,14:13
414,2019-10-28,14:22
334,2019-10-28,14:22
408,2019-10-29,10:46
407,2019-10-30,22:54
423,2019-10-23,05:14
82000,2019-10-23,23:08
563,2019-10-23,23:17
24000,2019-10-27,05:46
756,2019-10-27,08:48
125000,2019-10-27,13:37
1400,2019-10-27,17:07
856,2019-10-28,14:12
926,2019-10-28,14:13
414,2019-10-28,14:13
334,2019-10-28,14:22
408,2019-10-28,14:22
407,2019-10-29,10:46
423,2019-10-30,22:54
82000,2019-10-23,05:14
563,2019-10-23,23:08
24000,2019-10-23,23:17
756,2019-10-27,05:46
125000,2019-10-27,08:48
1400,2019-10-27,13:37
856,2019-10-27,17:07
926,2019-10-28,14:12
414,2019-10-28,14:13
334,2019-10-28,14:13
408,2019-10-28,14:22
407,2019-10-28,14:22
423,2019-10-29,10:46
82000,2019-10-30,22:54
563,2019-10-23,05:14
24000,2019-10-23,23:08
756,2019-10-23,23:17
125000,2019-10-27,05:46
1400,2019-10-27,08:48
856,2019-10-27,13:37
926,2019-10-27,17:07
414,2019-10-28,14:12
334,2019-10-28,14:13
408,2019-10-28,14:13
407,2019-10-28,14:22
423,2019-10-28,14:22
82000,2019-10-29,10:46
563,2019-10-30,22:54
24000,2019-10-23,05:14
756,2019-10-23,23:08
125000,2019-10-23,23:17
1400,2019-10-27,05:46
856,2019-10-27,08:48
926,2019-10-27,13:37
414,2019-10-27,17:07
334,2019-10-28,14:12
408,2019-10-28,14:13
407,2019-10-28,14:13
423,2019-10-28,14:22
82000,2019-10-28,14:22
563,2019-10-29,10:46
24000,2019-10-30,22:54
756,2019-10-23,05:14
125000,2019-10-23,23:08
1400,2019-10-23,23:17
856,2019-10-27,05:46
926,2019-10-27,08:48
414,2019-10-27,13:37
334,2019-10-27,17:07
408,2019-10-28,14:12
407,2019-10-28,14:13
423,2019-10-28,14:13
82000,2019-10-28,14:22
563,2019-10-28,14:22
24000,2019-10-29,10:46
756,2019-10-30,22:54
125000,2019-10-23,05:14
1400,2019-10-23,23:08
856,2019-10-23,23:17
926,2019-10-27,05:46
414,2019-10-27,08:48
334,2019-10-27,13:37
408,2019-10-27,17:07
407,2019-10-28,14:12
423,2019-10-28,14:13
82000,2019-10-28,14:13
563,2019-10-28,14:22
24000,2019-10-28,14:22
756,2019-10-29,10:46
125000,2019-10-30,22:54
1400,2019-10-23,05:14
856,2019-10-23,23:08
926,2019-10-23,23:17
414,2019-10-27,05:46
334,2019-10-27,08:48
408,2019-10-27,13:37
407,2019-10-27,17:07
423,2019-10-28,14:12
82000,2019-10-28,14:13
563,2019-10-28,14:13
24000,2019-10-28,14:22
756,2019-10-28,14:22
125000,2019-10-29,10:46
1400,2019-10-30,22:54
856,2019-10-23,05:14
926,2019-10-23,23:08
414,2019-10-23,23:17
334,2019-10-27,05:46
408,2019-10-27,08:48
407,2019-10-27,13:37
423,2019-10-27,17:07
82000,2019-10-28,14:12
563,2019-10-28,14:13
24000,2019-10-28,14:13
756,2019-10-28,14:22
125000,2019-10-28,14:22
1400,2019-10-29,10:46
856,2019-10-30,22:54
926,2019-10-23,05:14
414,2019-10-23,23:08
334,2019-10-23,23:17
408,2019-10-27,05:46
407,2019-10-27,08:48
423,2019-10-27,13:37
82000,2019-10-27,17:07
563,2019-10-28,14:12
24000,2019-10-28,14:13
756,2019-10-28,14:13
125000,2019-10-28,14:22
1400,2019-10-28,14:22
856,2019-10-29,10:46
926,2019-10-30,22:54
414,2019-10-23,05:14
334,2019-10-23,23:08
408,2019-10-23,23:17
407,2019-10-27,05:46
423,2019-10-27,08:48
82000,2019-10-27,13:37
563,2019-10-27,17:07
24000,2019-10-28,14:12
756,2019-10-28,14:13
125000,2019-10-28,14:13
1400,2019-10-28,14:22
856,2019-10-28,14:22
926,2019-10-29,10:46
414,2019-10-30,22:54
334,2019-10-23,05:14
408,2019-10-23,23:08
407,2019-10-23,23:17
423,2019-10-27,05:46
82000,2019-10-27,08:48
563,2019-10-27,13:37
24000,2019-10-27,17:07
756,2019-10-28,14:12
125000,2019-10-28,14:13
1400,2019-10-28,14:13
856,2019-10-28,14:22
926,2019-10-28,14:22
414,2019-10-29,10:46
334,2019-10-30,22:54
408,2019-10-23,05:14
407,2019-10-23,23:08
423,2019-10-23,23:17
82000,2019-10-27,05:46
563,2019-10-27,08:48
24000,2019-10-27,13:37
756,2019-10-27,17:07
125000,2019-10-28,14:12
1400,2019-10-28,14:13
856,2019-10-28,14:13
926,2019-10-28,14:22
414,2019-10-28,14:22
334,2019-10-29,10:46
408,2019-10-30,22:54
407,2019-10-23,05:14
423,2019-10-23,23:08
82000,2019-10-23,23:17
563,2019-10-27,05:46
24000,2019-10-27,08:48
756,2019-10-27,13:37
125000,2019-10-27,17:07
1400,2019-10-28,14:12
856,2019-10-28,14:13
926,2019-10-28,14:13
414,2019-10-28,14:22
334,2019-10-28,14:22
408,2019-10-29,10:46
407,2019-10-30,22:54
423,2019-10-23,05:14
82000,2019-10-23,23:08
563,2019-10-23,23:17
24000,2019-10-27,05:46
756,2019-10-27,08:48
125000,2019-10-27,13:37
1400,2019-10-27,17:07
856,2019-10-28,14:12
926,2019-10-28,14:13
414,2019-10-28,14:13
334,2019-10-28,14:22
408,2019-10-28,14:22
407,2019-10-29,10:46
423,2019-10-30,22:54
82000,2019-10-23,05:14
563,2019-10-23,23:08
24000,2019-10-23,23:17
756,2019-10-27,05:46
125000,2019-10-27,08:48
1400,2019-10-27,13:37
856,2019-10-27,17:07
926,2019-10-28,14:12
414,2019-10-28,14:13
334,2019-10-28,14:13
408,2019-10-28,14:22
407,2019-10-28,14:22
423,2019-10-29,10:46
82000,2019-10-30,22:54
563,2019-10-23,05:14
24000,2019-10-23,23:08
756,2019-10-23,23:17
125000,2019-10-27,05:46
1400,2019-10-27,08:48
856,2019-10-27,13:37
926,2019-10-27,17:07
414,2019-10-28,14:12
334,2019-10-28,14:13
408,2019-10-28,14:13
407,2019-10-28,14:22
423,2019-10-28,14:22
82000,2019-10-29,10:46
563,2019-10-30,22:54
24000,2019-10-23,05:14
756,2019-10-23,23:08
125000,2019-10-23,23:17
1400,2019-10-27,05:46
856,2019-10-27,08:48
926,2019-10-27,13:37
414,2019-10-27,17:07
334,2019-10-28,14:12
408,2019-10-28,14:13
407,2019-10-28,14:13
423,2019-10-28,14:22
82000,2019-10-28,14:22
563,2019-10-29,10:46
24000,2019-10-30,22:54
756,2019-10-23,05:14
125000,2019-10-23,23:08
1400,2019-10-23,23:17
856,2019-10-27,05:46
926,2019-10-27,08:48
414,2019-10-27,13:37
334,2019-10-27,17:07
408,2019-10-28,14:12
407,2019-10-28,14:13
423,2019-10-28,14:13
82000,2019-10-28,14:22
563,2019-10-28,14:22
24000,2019-10-29,10:46
756,2019-10-30,22:54
125000,2019-10-23,05:14
1400,2019-10-23,23:08
856,2019-10-23,23:17
926,2019-10-27,05:46
414,2019-10-27,08:48
334,2019-10-27,13:37
408,2019-10-27,17:07
407,2019-10-28,14:12
423,2019-10-28,14:13
82000,2019-10-28,14:13
563,2019-10-28,14:22
24000,2019-10-28,14:22
756,2019-10-29,10:46
125000,2019-10-30,22:54
1400,2019-10-23,05:14
856,2019-10-23,23:08
926,2019-10-23,23:17
414,2019-10-27,05:46
334,2019-10-27,08:48
408,2019-10-27,13:37
407,2019-10-27,17:07
423,2019-10-28,14:12
82000,2019-10-28,14:13
563,2019-10-28,14:13
24000,2019-10-28,14:22
756,2019-10-28,14:22
125000,2019-10-29,10:46
1400,2019-10-30,22:54
856,2019-10-23,05:14
926,2019-10-23,23:08
414,2019-10-23,23:17
334,2019-10-27,05:46
408,2019-10-27,08:48
407,2019-10-27,13:37
423,2019-10-27,17:07
82000,2019-10-28,14:12
563,2019-10-28,14:13
24000,2019-10-28,14:13
756,2019-10-28,14:22
125000,2019-10-28,14:22
1400,2019-10-29,10:46
856,2019-10-30,22:54
926,2019-10-23,05:14
414,2019-10-23,23:08
334,2019-10-23,23:17
408,2019-10-27,05:46
407,2019-10-27,08:48
423,2019-10-27,13:37
82000,2019-10-27,17:07
563,2019-10-28,14:12
24000,2019-10-28,14:13
756,2019-10-28,14:13
125000,2019-10-28,14:22
1400,2019-10-28,14:22
856,2019-10-29,10:46
926,2019-10-30,22:54
414,2019-10-23,05:14
334,2019-10-23,23:08
408,2019-10-23,23:17
407,2019-10-27,05:46
423,2019-10-27,08:48
82000,2019-10-27,13:37
563,2019-10-27,17:07
24000,2019-10-28,14:12
756,2019-10-28,14:13
125000,2019-10-28,14:13
1400,2019-10-28,14:22
856,2019-10-28,14:22
926,2019-10-29,10:46
414,2019-10-30,22:54
334,2019-10-23,05:14
408,2019-10-23,23:08
407,2019-10-23,23:17
423,2019-10-27,05:46
82000,2019-10-27,08:48
563,2019-10-27,13:37
24000,2019-10-27,17:07
756,2019-10-28,14:12
125000,2019-10-28,14:13
1400,2019-10-28,14:13
856,2019-10-28,14:22
926,2019-10-28,14:22
414,2019-10-29,10:46
334,2019-10-30,22:54
408,2019-10-23,05:14
407,2019-10-23,23:08
423,2019-10-23,23:17
82000,2019-10-27,05:46
563,2019-10-27,08:48
24000,2019-10-27,13:37
756,2019-10-27,17:07
125000,2019-10-28,14:12
1400,2019-10-28,14:13
856,2019-10-28,14:13
926,2019-10-28,14:22
414,2019-10-28,14:22
334,2019-10-29,10:46
408,2019-10-30,22:54
407,2019-10-23,05:14
423,2019-10-23,23:08
82000,2019-10-23,23:17
563,2019-10-27,05:46
24000,2019-10-27,08:48
756,2019-10-27,13:37
125000,2019-10-27,17:07
1400,2019-10-28,14:12
856,2019-10-28,14:13
926,2019-10-28,14:13
414,2019-10-28,14:22
334,2019-10-28,14:22
408,2019-10-29,10:46
407,2019-10-30,22:54
423,2019-10-23,05:14
82000,2019-10-23,23:08
563,2019-10-23,23:17
24000,2019-10-27,05:46
756,2019-10-27,08:48
125000,2019-10-27,13:37
1400,2019-10-27,17:07
856,2019-10-28,14:12
926,2019-10-28,14:13
414,2019-10-28,14:13
334,2019-10-28,14:22
408,2019-10-28,14:22
407,2019-10-29,10:46
423,2019-10-30,22:54
82000,2019-10-23,05:14
563,2019-10-23,23:08
24000,2019-10-23,23:17
756,2019-10-27,05:46
125000,2019-10-27,08:48
1400,2019-10-27,13:37
856,2019-10-27,17:07
926,2019-10-28,14:12
414,2019-10-28,14:13
334,2019-10-28,14:13
408,2019-10-28,14:22
407,2019-10-28,14:22
423,2019-10-29,10:46
82000,2019-10-30,22:54
563,2019-10-23,05:14
24000,2019-10-23,23:08
756,2019-10-23,23:17
125000,2019-10-27,05:46
1400,2019-10-27,08:48
856,2019-10-27,13:37
926,2019-10-27,17:07
414,2019-10-28,14:12
334,2019-10-28,14:13
408,2019-10-28,14:13
407,2019-10-28,14:22
423,2019-10-28,14:22
82000,2019-10-29,10:46
563,2019-10-30,22:54
24000,2019-10-23,05:14
756,2019-10-23,23:08
125000,2019-10-23,23:17
1400,2019-10-27,05:46
856,2019-10-27,08:48
926,2019-10-27,13:37
414,2019-10-27,17:07
334,2019-10-28,14:12
408,2019-10-28,14:13
407,2019-10-28,14:13
423,2019-10-28,14:22
82000,2019-10-28,14:22
563,2019-10-29,10:46
24000,2019-10-30,22:54
756,2019-10-23,05:14
125000,2019-10-23,23:08
1400,2019-10-23,23:17
856,2019-10-27,05:46
926,2019-10-27,08:48
414,2019-10-27,13:37
334,2019-10-27,17:07
408,2019-10-28,14:12
407,2019-10-28,14:13
423,2019-10-28,14:13
82000,2019-10-28,14:22
563,2019-10-28,14:22
24000,2019-10-29,10:46
756,2019-10-30,22:54
125000,2019-10-23,05:14
1400,2019-10-23,23:08
856,2019-10-23,23:17
926,2019-10-27,05:46
414,2019-10-27,08:48
334,2019-10-27,13:37
408,2019-10-27,17:07
407,2019-10-28,14:12
423,2019-10-28,14:13
82000,2019-10-28,14:13
563,2019-10-28,14:22
24000,2019-10-28,14:22
756,2019-10-29,10:46
125000,2019-10-30,22:54
1400,2019-10-23,05:14
856,2019-10-23,23:08
926,2019-10-23,23:17
414,2019-10-27,05:46
334,2019-10-27,08:48
408,2019-10-27,13:37
407,2019-10-27,17:07
423,2019-10-28,14:12
82000,2019-10-28,14:13
563,2019-10-28,14:13
24000,2019-10-28,14:22
756,2019-10-28,14:22
125000,2019-10-29,10:46
1400,2019-10-30,22:54
856,2019-10-23,05:14
926,2019-10-23,23:08
414,2019-10-23,23:17
334,2019-10-27,05:46
408,2019-10-27,08:48
407,2019-10-27,13:37
423,2019-10-27,17:07
82000,2019-10-28,14:12
563,2019-10-28,14:13
24000,2019-10-28,14:13
756,2019-10-28,14:22
125000,2019-10-28,14:22
1400,2019-10-29,10:46
856,2019-10-30,22:54
926,2019-10-23,05:14
414,2019-10-23,23:08
334,2019-10-23,23:17
408,2019-10-27,05:46
407,2019-10-27,08:48
423,2019-10-27,13:37
82000,2019-10-27,17:07
563,2019-10-28,14:12
24000,2019-10-28,14:13
756,2019-10-28,14:13
125000,2019-10-28,14:22
1400,2019-10-28,14:22
856,2019-10-29,10:46
926,2019-10-30,22:54
414,2019-10-23,05:14
334,2019-10-23,23:08
408,2019-10-23,23:17
407,2019-10-27,05:46
423,2019-10-27,08:48
82000,2019-10-27,13:37
563,2019-10-27,17:07
24000,2019-10-28,14:12
756,2019-10-28,14:13
125000,2019-10-28,14:13
1400,2019-10-28,14:22
856,2019-10-28,14:22
926,2019-10-29,10:46
414,2019-10-30,22:54
334,2019-10-23,05:14
408,2019-10-23,23:08
407,2019-10-23,23:17
423,2019-10-27,05:46
82000,2019-10-27,08:48
563,2019-10-27,13:37
24000,2019-10-27,17:07
756,2019-10-28,14:12
125000,2019-10-28,14:13
1400,2019-10-28,14:13
856,2019-10-28,14:22
926,2019-10-28,14:22
414,2019-10-29,10:46
334,2019-10-30,22:54
408,2019-10-23,05:14
407,2019-10-23,23:08
423,2019-10-23,23:17
82000,2019-10-27,05:46
563,2019-10-27,08:48
24000,2019-10-27,13:37
756,2019-10-27,17:07
125000,2019-10-28,14:12
1400,2019-10-28,14:13
856,2019-10-28,14:13
926,2019-10-28,14:22
414,2019-10-28,14:22
334,2019-10-29,10:46
408,2019-10-30,22:54
407,2019-10-23,05:14
423,2019-10-23,23:08
82000,2019-10-23,23:17
563,2019-10-27,05:46
24000,2019-10-27,08:48
756,2019-10-27,13:37
125000,2019-10-27,17:07
1400,2019-10-28,14:12
856,2019-10-28,14:13
926,2019-10-28,14:13
414,2019-10-28,14:22
334,2019-10-28,14:22
408,2019-10-29,10:46
407,2019-10-30,22:54
423,2019-10-23,05:14
82000,2019-10-23,23:08
563,2019-10-23,23:17
24000,2019-10-27,05:46
756,2019-10-27,08:48
125000,2019-10-27,13:37
1400,2019-10-27,17:07
856,2019-10-28,14:12
926,2019-10-28,14:13
414,2019-10-28,14:13
334,2019-10-28,14:22
408,2019-10-28,14:22
407,2019-10-29,10:46
423,2019-10-30,22:54
82000,2019-10-23,05:14
563,2019-10-23,23:08
24000,2019-10-23,23:17
756,2019-10-27,05:46
125000,2019-10-27,08:48
1400,2019-10-27,13:37
856,2019-10-27,17:07
926,2019-10-28,14:12
414,2019-10-28,14:13
334,2019-10-28,14:13
408,2019-10-28,14:22
407,2019-10-28,14:22
423,2019-10-29,10:46
82000,2019-10-30,22:54
