,Views,Date,Time
0,1.8K,2019-06-11,22:50
1,2.4K,2019-06-11,23:10
2,2.6K,2019-06-11,23:19
3,2.7K,2019-06-11,23:29
4,3.0K,2019-06-11,23:46
5,2.7K,2019-06-11,23:55
6,3.3K,2019-06-11,00:18
7,3.6K,2019-06-11,00:32
8,4.0K,2019-06-11,00:40
9,4.1K,2019-06-11,00:51
10,4.8K,2019-06-11,00:53
11,5.8K,2019-06-11,01:11
12,5.9K,2019-06-11,01:40
13,6.0K,2019-06-11,07:57
14,6.1K,2019-06-12,08:03
15,6.2K,2019-06-12,08:31
16,6.9K,2019-06-12,08:40
17,6.8K,2019-06-12,08:53
18,10.6K,2019-06-12,09:15
19,6.8K,2019-06-12,09:16
20,7.4K,2019-06-12,09:19
21,8.1K,2019-06-12,09:22
22,9.0K,2019-06-12,09:42
23,7.7K,2019-06-12,09:44
24,28.5K,2019-06-12,09:52
25,7.7K,2019-06-12,10:03
26,8.8K,2019-06-12,10:18
27,11.3K,2019-06-12,10:20
28,10.8K,2019-06-12,10:25
29,8.6K,2019-06-12,10:32
30,9.8K,2019-06-12,10:41
31,8.5K,2019-06-12,10:46
32,30.1K,2019-06-12,10:49
33,11.8K,2019-06-12,10:55
34,20.4K,2019-06-12,10:59
35,12.1K,2019-06-12,11:00
36,8.9K,2019-06-12,11:10
37,9.3K,2019-06-12,11:41
38,10.4K,2019-06-12,11:44
39,9.6K,2019-06-12,11:46
40,7.4K,2019-06-12,09:19
41,8.1K,2019-06-12,09:22
42,9.0K,2019-06-12,09:42
43,7.7K,2019-06-12,09:44
44,28.5K,2019-06-12,09:52
45,7.7K,2019-06-12,10:03
46,8.8K,2019-06-12,10:18
47,11.3K,2019-06-12,10:20
48,10.8K,2019-06-12,10:25
49,8.6K,2019-06-12,10:32
50,9.8K,2019-06-12,10:41
51,8.5K,2019-06-12,10:46
52,30.1K,2019-06-12,10:49
53,11.8K,2019-06-12,10:55
54,20.4K,2019-06-12,10:59
55,12.1K,2019-06-12,11:00
56,8.9K,2019-06-12,11:10
57,9.3K,2019-06-12,11:41
58,10.4K,2019-06-12,11:44
59,9.6K,2019-06-12,11:46
60,9.5K,2019-06-12,11:58
61,12.3K,2019-06-12,12:03
62,10.1K,2019-06-12,12:14
63,12.6K,2019-06-12,12:16
64,20.1K,2019-06-12,12:36
65,14.2K,2019-06-12,12:44
66,13.6K,2019-06-12,12:47
67,14.0K,2019-06-12,12:52
68,12.5K,2019-06-12,12:53
69,13.4K,2019-06-12,13:07
70,12.2K,2019-06-12,14:21
71,12.6K,2019-06-12,14:23
72,11.8K,2019-06-12,14:52
73,17.7K,2019-06-12,14:55
74,14.6K,2019-06-12,15:01
75,16.3K,2019-06-12,15:11
76,17.3K,2019-06-12,15:12
77,13.0K,2019-06-12,15:24
78,13.2K,2019-06-12,15:29
79,11.4K,2019-06-12,15:35
80,9.8K,2019-06-12,10:41
81,8.5K,2019-06-12,10:46
82,30.1K,2019-06-12,10:49
83,11.8K,2019-06-12,10:55
84,20.4K,2019-06-12,10:59
85,12.1K,2019-06-12,11:00
86,8.9K,2019-06-12,11:10
87,9.3K,2019-06-12,11:41
88,10.4K,2019-06-12,11:44
89,9.6K,2019-06-12,11:46
90,9.5K,2019-06-12,11:58
91,12.3K,2019-06-12,12:03
92,10.1K,2019-06-12,12:14
93,12.6K,2019-06-12,12:16
94,20.1K,2019-06-12,12:36
95,14.2K,2019-06-12,12:44
96,13.6K,2019-06-12,12:47
97,14.0K,2019-06-12,12:52
98,12.5K,2019-06-12,12:53
99,13.4K,2019-06-12,13:07
100,12.2K,2019-06-12,14:21
101,12.6K,2019-06-12,14:23
102,11.8K,2019-06-12,14:52
103,17.7K,2019-06-12,14:55
104,14.6K,2019-06-12,15:01
105,16.3K,2019-06-12,15:11
106,17.3K,2019-06-12,15:12
107,13.0K,2019-06-12,15:24
108,13.2K,2019-06-12,15:29
109,11.4K,2019-06-12,15:35
110,14.2K,2019-06-12,15:45
111,14.2K,2019-06-12,15:45
112,12.0K,2019-06-12,15:47
113,13.6K,2019-06-12,15:51
114,12.4K,2019-06-12,16:00
115,12.1K,2019-06-12,16:02
116,11.7K,2019-06-12,16:15
117,12.0K,2019-06-12,16:28
118,11.7K,2019-06-12,16:30
119,12.6K,2019-06-12,16:31
120,9.6K,2019-06-12,11:46
121,9.5K,2019-06-12,11:58
122,12.3K,2019-06-12,12:03
123,10.1K,2019-06-12,12:14
124,12.6K,2019-06-12,12:16
125,20.1K,2019-06-12,12:36
126,14.2K,2019-06-12,12:44
127,13.6K,2019-06-12,12:47
128,14.0K,2019-06-12,12:52
129,12.5K,2019-06-12,12:53
130,13.4K,2019-06-12,13:07
131,12.2K,2019-06-12,14:21
132,12.6K,2019-06-12,14:23
133,11.8K,2019-06-12,14:52
134,17.7K,2019-06-12,14:55
135,14.6K,2019-06-12,15:01
136,16.3K,2019-06-12,15:11
137,17.3K,2019-06-12,15:12
138,13.0K,2019-06-12,15:24
139,13.2K,2019-06-12,15:29
140,13.4K,2019-06-12,13:07
141,12.2K,2019-06-12,14:21
142,12.6K,2019-06-12,14:23
143,11.8K,2019-06-12,14:52
144,17.7K,2019-06-12,14:55
145,14.6K,2019-06-12,15:01
146,16.3K,2019-06-12,15:11
147,17.3K,2019-06-12,15:12
148,13.0K,2019-06-12,15:24
149,13.2K,2019-06-12,15:29
150,11.4K,2019-06-12,15:35
151,14.2K,2019-06-12,15:45
152,14.2K,2019-06-12,15:45
153,12.0K,2019-06-12,15:47
154,13.6K,2019-06-12,15:51
155,12.4K,2019-06-12,16:00
156,12.1K,2019-06-12,16:02
157,11.7K,2019-06-12,16:15
158,12.0K,2019-06-12,16:28
159,11.7K,2019-06-12,16:30
160,11.4K,2019-06-12,15:35
161,14.2K,2019-06-12,15:45
162,14.2K,2019-06-12,15:45
163,12.0K,2019-06-12,15:47
164,13.6K,2019-06-12,15:51
165,12.4K,2019-06-12,16:00
166,12.1K,2019-06-12,16:02
167,11.7K,2019-06-12,16:15
168,12.0K,2019-06-12,16:28
169,11.7K,2019-06-12,16:30
170,12.6K,2019-06-12,16:31
171,16.0K,2019-06-12,16:31
172,12.3K,2019-06-12,16:38
173,14.8K,2019-06-12,16:42
174,22.5K,2019-06-12,16:45
175,12.6K,2019-06-12,16:55
176,12.6K,2019-06-12,16:57
177,13.0K,2019-06-12,17:00
178,23.9K,2019-06-12,17:11
179,19.4K,2019-06-12,17:25
180,11.7K,2019-06-12,16:30
181,12.6K,2019-06-12,16:31
182,16.0K,2019-06-12,16:31
183,12.3K,2019-06-12,16:38
184,14.8K,2019-06-12,16:42
185,22.5K,2019-06-12,16:45
186,12.6K,2019-06-12,16:55
187,12.6K,2019-06-12,16:57
188,13.0K,2019-06-12,17:00
189,23.9K,2019-06-12,17:11
190,19.4K,2019-06-12,17:25
191,25.3K,2019-06-12,17:31
192,15.7K,2019-06-12,17:35
193,14.2K,2019-06-12,17:46
194,16.9K,2019-06-12,17:48
195,19.4K,2019-06-12,17:50
196,15.4K,2019-06-12,18:08
197,27.0K,2019-06-12,18:10
198,15.4K,2019-06-12,18:11
199,15.4K,2019-06-12,18:23
200,12.6K,2019-06-12,16:57
201,13.0K,2019-06-12,17:00
202,23.9K,2019-06-12,17:11
203,19.4K,2019-06-12,17:25
204,25.3K,2019-06-12,17:31
205,15.7K,2019-06-12,17:35
206,14.2K,2019-06-12,17:46
207,16.9K,2019-06-12,17:48
208,19.4K,2019-06-12,17:50
209,15.4K,2019-06-12,18:08
210,27.0K,2019-06-12,18:10
211,15.4K,2019-06-12,18:11
212,15.4K,2019-06-12,18:23
213,13.3K,2019-06-12,18:33
214,14.5K,2019-06-12,18:42
215,14.2K,2019-06-12,18:45
216,13.9K,2019-06-12,18:57
217,16.6K,2019-06-12,19:02
218,17.0K,2019-06-12,19:57
219,16.7K,2019-06-12,20:04
220,19.4K,2019-06-12,17:50
221,15.4K,2019-06-12,18:08
222,27.0K,2019-06-12,18:10
223,15.4K,2019-06-12,18:11
224,15.4K,2019-06-12,18:23
225,13.3K,2019-06-12,18:33
226,14.5K,2019-06-12,18:42
227,14.2K,2019-06-12,18:45
228,13.9K,2019-06-12,18:57
229,16.6K,2019-06-12,19:02
230,17.0K,2019-06-12,19:57
231,16.7K,2019-06-12,20:04
232,24.1K,2019-06-12,20:25
233,13.6K,2019-06-12,20:29
234,17.0K,2019-06-12,20:47
235,15.1K,2019-06-12,20:48
236,16.4K,2019-06-12,20:49
237,17.9K,2019-06-12,20:53
238,14.2K,2019-06-12,21:11
239,17.0K,2019-06-12,21:18
240,16.7K,2019-06-12,19:57
241,24.1K,2019-06-12,20:04
242,13.6K,2019-06-12,20:25
243,17.0K,2019-06-12,20:29
244,15.1K,2019-06-12,20:47
245,16.4K,2019-06-12,20:48
246,17.9K,2019-06-12,20:49
247,14.2K,2019-06-12,20:53
248,16.4K,2019-06-12,21:11
249,15.5K,2019-06-12,21:18
250,17.7K,2019-06-12,21:19
251,15.2K,2019-06-12,21:33
252,17.1K,2019-06-12,21:44
253,16.5K,2019-06-12,21:56
254,14.6K,2019-06-12,23:29
255,14.3K,2019-06-12,06:42
256,16.1K,2019-06-13,08:50
257,16.4K,2019-06-13,08:55
258,15.5K,2019-06-13,08:57
259,17.7K,2019-06-13,09:31
260,15.2K,2019-06-12,21:18
261,17.1K,2019-06-12,21:19
262,16.5K,2019-06-12,21:33
263,14.6K,2019-06-12,21:44
264,14.3K,2019-06-12,21:56
265,16.1K,2019-06-12,23:29
266,16.4K,2019-06-12,06:42
267,13.7K,2019-06-13,08:50
268,19.6K,2019-06-13,08:55
269,14.7K,2019-06-13,08:57
270,14.0K,2019-06-13,09:31
271,14.3K,2019-06-13,11:06
272,14.6K,2019-06-13,13:03
273,14.6K,2019-06-13,13:32
274,14.9K,2019-06-13,13:44
275,20.5K,2019-06-13,13:48
276,14.3K,2019-06-13,14:26
277,13.7K,2019-06-13,16:08
278,14.3K,2019-06-13,16:40
279,14.0K,2019-06-13,17:52
280,20.2K,2019-06-13,18:29
281,28.8K,2019-06-13,18:46
282,13.4K,2019-06-13,20:33
283,13.7K,2019-06-13,21:45
284,14.0K,2019-06-13,22:04
285,24.1K,2019-06-13,23:16
286,14.0K,2019-06-13,23:47
287,14.3K,2019-06-14,11:49
288,34.1K,2019-06-14,13:03
289,13.8K,2019-06-14,16:24
290,21.1K,2019-06-14,17:18
291,25.3K,2019-06-14,19:02
292,22.7K,2019-06-14,19:51
293,12.7K,2019-06-14,21:22
294,21.1K,2019-06-14,00:49
295,16.1K,2019-06-15,10:31
296,16.4K,2019-06-15,13:19
297,13.7K,2019-06-15,15:21
298,19.6K,2019-06-15,16:44
299,14.7K,2019-06-15,22:31
300,14.0K,2019-06-13,09:31
301,14.3K,2019-06-13,11:06
302,14.6K,2019-06-13,13:03
303,14.6K,2019-06-13,13:32
304,14.9K,2019-06-13,13:44
305,20.5K,2019-06-13,13:48
306,14.3K,2019-06-13,14:26
307,13.7K,2019-06-13,16:08
308,14.3K,2019-06-13,16:40
309,14.0K,2019-06-13,17:52
310,20.2K,2019-06-13,18:29
311,28.8K,2019-06-13,18:46
312,13.4K,2019-06-13,20:33
313,13.7K,2019-06-13,21:45
314,14.0K,2019-06-13,22:04
315,24.1K,2019-06-13,23:16
316,14.0K,2019-06-13,23:47
317,14.3K,2019-06-14,11:49
318,34.1K,2019-06-14,13:03
319,13.8K,2019-06-14,16:24
320,21.1K,2019-06-14,17:18
321,25.3K,2019-06-14,19:02
322,22.7K,2019-06-14,19:51
323,12.7K,2019-06-14,21:22
324,21.1K,2019-06-14,00:49
325,12.8K,2019-06-15,10:31
326,13.1K,2019-06-15,13:19
327,23.1K,2019-06-15,15:21
328,13.1K,2019-06-15,16:44
329,13.4K,2019-06-15,22:31
330,12.1K,2019-06-15,23:09
331,26.2K,2019-06-16,11:25
332,12.7K,2019-06-16,12:57
333,13.1K,2019-06-16,14:09
334,12.7K,2019-06-16,14:46
335,20.5K,2019-06-16,15:13
336,14.3K,2019-06-16,15:27
337,13.7K,2019-06-16,15:35
338,14.3K,2019-06-16,16:11
339,14.0K,2019-06-16,16:35
340,20.2K,2019-06-13,18:29
341,28.8K,2019-06-13,18:46
342,13.4K,2019-06-13,20:33
343,13.7K,2019-06-13,21:45
344,14.0K,2019-06-13,22:04
345,24.1K,2019-06-13,23:16
346,14.0K,2019-06-13,23:47
347,14.3K,2019-06-14,11:49
348,34.1K,2019-06-14,13:03
349,13.8K,2019-06-14,16:24
350,21.1K,2019-06-14,17:18
351,25.3K,2019-06-14,19:02
352,22.7K,2019-06-14,19:51
353,12.7K,2019-06-14,21:22
354,21.1K,2019-06-14,00:49
355,12.8K,2019-06-15,10:31
356,13.1K,2019-06-15,13:19
357,23.1K,2019-06-15,15:21
358,13.1K,2019-06-15,16:44
359,13.4K,2019-06-15,22:31
360,12.1K,2019-06-15,23:09
361,26.2K,2019-06-16,11:25
362,12.7K,2019-06-16,12:57
363,13.1K,2019-06-16,14:09
364,12.7K,2019-06-16,14:46
365,23.2K,2019-06-16,15:13
366,12.4K,2019-06-16,15:27
367,29.1K,2019-06-16,15:35
368,14.6K,2019-06-16,16:11
369,13.4K,2019-06-16,16:35
370,39.4K,2019-06-16,17:41
371,26.8K,2019-06-16,18:49
372,14.3K,2019-06-16,20:30
373,12.2K,2019-06-16,20:42
374,13.1K,2019-06-16,20:48
375,24.1K,2019-06-16,21:40
376,14.0K,2019-06-16,22:58
377,14.3K,2019-06-16,23:29
378,34.1K,2019-06-17,11:03
379,13.8K,2019-06-17,11:26
380,21.1K,2019-06-14,17:18
381,25.3K,2019-06-14,19:02
382,22.7K,2019-06-14,19:51
383,12.7K,2019-06-14,21:22
384,21.1K,2019-06-14,00:49
385,12.8K,2019-06-15,10:31
386,13.1K,2019-06-15,13:19
387,23.1K,2019-06-15,15:21
388,13.1K,2019-06-15,16:44
389,13.4K,2019-06-15,22:31
390,12.1K,2019-06-15,23:09
391,26.2K,2019-06-16,11:25
392,12.7K,2019-06-16,12:57
393,13.1K,2019-06-16,14:09
394,12.7K,2019-06-16,14:46
395,23.2K,2019-06-16,15:13
396,12.4K,2019-06-16,15:27
397,29.1K,2019-06-16,15:35
398,14.6K,2019-06-16,16:11
399,13.4K,2019-06-16,16:35
400,39.4K,2019-06-16,17:41
401,26.8K,2019-06-16,18:49
402,14.3K,2019-06-16,20:30
403,12.2K,2019-06-16,20:42
404,13.1K,2019-06-16,20:48
405,11.9K,2019-06-16,21:40
406,12.5K,2019-06-16,22:58
407,10.9K,2019-06-16,23:29
408,12.8K,2019-06-17,11:03
409,22.1K,2019-06-17,11:26
410,11.8K,2019-06-17,14:17
411,25.3K,2019-06-17,14:41
412,25.3K,2019-06-17,15:07
413,10.9K,2019-06-17,16:45
414,23.8K,2019-06-17,17:26
415,21.1K,2019-06-17,20:30
416,12.8K,2019-06-17,21:03
417,13.1K,2019-06-17,21:31
418,23.1K,2019-06-17,21:37
419,13.1K,2019-06-17,21:50
420,13.4K,2019-06-15,22:31
421,12.1K,2019-06-15,23:09
422,26.2K,2019-06-16,11:25
423,12.7K,2019-06-16,12:57
424,13.1K,2019-06-16,14:09
425,12.7K,2019-06-16,14:46
426,23.2K,2019-06-16,15:13
427,12.4K,2019-06-16,15:27
428,29.1K,2019-06-16,15:35
429,14.6K,2019-06-16,16:11
430,13.4K,2019-06-16,16:35
431,39.4K,2019-06-16,17:41
432,26.8K,2019-06-16,18:49
433,14.3K,2019-06-16,20:30
434,12.2K,2019-06-16,20:42
435,13.1K,2019-06-16,20:48
436,11.9K,2019-06-16,21:40
437,12.5K,2019-06-16,22:58
438,10.9K,2019-06-16,23:29
439,12.8K,2019-06-17,11:03
440,22.1K,2019-06-17,11:26
441,11.8K,2019-06-17,14:17
442,25.3K,2019-06-17,14:41
443,25.3K,2019-06-17,15:07
444,10.9K,2019-06-17,16:45
445,23.8K,2019-06-17,17:26
446,11.5K,2019-06-17,20:30
447,10.9K,2019-06-17,21:03
448,11.5K,2019-06-17,21:31
449,11.2K,2019-06-17,21:37
450,11.2K,2019-06-17,21:50
451,11.8K,2019-06-17,22:16
452,19.3K,2019-06-17,22:51
453,12.4K,2019-06-17,23:27
454,11.8K,2019-06-17,23:51
455,13.1K,2019-06-18,12:25
456,12.7K,2019-06-18,13:02
457,23.2K,2019-06-18,14:01
458,12.4K,2019-06-18,17:23
459,29.1K,2019-06-18,23:46
460,14.6K,2019-06-16,16:11
461,13.4K,2019-06-16,16:35
462,39.4K,2019-06-16,17:41
463,26.8K,2019-06-16,18:49
464,14.3K,2019-06-16,20:30
465,12.2K,2019-06-16,20:42
466,13.1K,2019-06-16,20:48
467,11.9K,2019-06-16,21:40
468,12.5K,2019-06-16,22:58
469,10.9K,2019-06-16,23:29
470,12.8K,2019-06-17,11:03
471,22.1K,2019-06-17,11:26
472,11.8K,2019-06-17,14:17
473,25.3K,2019-06-17,14:41
474,25.3K,2019-06-17,15:07
475,10.9K,2019-06-17,16:45
476,23.8K,2019-06-17,17:26
477,11.5K,2019-06-17,20:30
478,10.9K,2019-06-17,21:03
479,11.5K,2019-06-17,21:31
480,11.2K,2019-06-17,21:37
481,11.2K,2019-06-17,21:50
482,11.8K,2019-06-17,22:16
483,19.3K,2019-06-17,22:51
484,12.4K,2019-06-17,23:27
485,11.8K,2019-06-17,23:51
486,11.8K,2019-06-18,12:25
487,11.8K,2019-06-18,13:02
488,23.1K,2019-06-18,14:01
489,24.4K,2019-06-18,17:23
490,11.5K,2019-06-18,23:46
491,10.9K,2019-06-19,12:28
492,25.4K,2019-06-19,15:25
493,11.6K,2019-06-19,16:22
494,24.7K,2019-06-19,18:12
495,12.2K,2019-06-19,18:57
496,13.1K,2019-06-20,18:37
497,11.9K,2019-06-20,20:03
498,12.5K,2019-06-20,20:25
499,10.9K,2019-06-20,20:57
500,12.8K,2019-06-17,11:03
501,22.1K,2019-06-17,11:26
502,11.8K,2019-06-17,14:17
503,25.3K,2019-06-17,14:41
504,25.3K,2019-06-17,15:07
505,10.9K,2019-06-17,16:45
506,23.8K,2019-06-17,17:26
507,11.5K,2019-06-17,20:30
508,10.9K,2019-06-17,21:03
509,11.5K,2019-06-17,21:31
510,11.2K,2019-06-17,21:37
511,11.2K,2019-06-17,21:50
512,11.8K,2019-06-17,22:16
513,19.3K,2019-06-17,22:51
514,12.4K,2019-06-17,23:27
515,11.8K,2019-06-17,23:51
516,11.8K,2019-06-18,12:25
517,11.8K,2019-06-18,13:02
518,23.1K,2019-06-18,14:01
519,24.4K,2019-06-18,17:23
520,11.5K,2019-06-18,23:46
521,10.9K,2019-06-19,12:28
522,25.4K,2019-06-19,15:25
523,11.6K,2019-06-19,16:22
524,24.7K,2019-06-19,18:12
525,10.6K,2019-06-19,18:57
526,11.2K,2019-06-20,18:37
527,10.3K,2019-06-20,20:03
528,10.3K,2019-06-20,20:25
529,10.3K,2019-06-20,20:57
530,10.3K,2019-06-21,09:39
531,9.7K,2019-06-21,10:07
532,10.0K,2019-06-21,11:49
533,10.0K,2019-06-21,12:13
534,10.0K,2019-06-21,12:29
535,10.9K,2019-06-21,14:03
536,23.8K,2019-06-21,14:09
537,11.5K,2019-06-21,14:18
538,10.9K,2019-06-21,14:29
539,11.5K,2019-06-21,14:52
540,11.2K,2019-06-17,21:37
541,11.2K,2019-06-17,21:50
542,11.8K,2019-06-17,22:16
543,19.3K,2019-06-17,22:51
544,12.4K,2019-06-17,23:27
545,11.8K,2019-06-17,23:51
546,11.8K,2019-06-18,12:25
547,11.8K,2019-06-18,13:02
548,23.1K,2019-06-18,14:01
549,24.4K,2019-06-18,17:23
550,11.5K,2019-06-18,23:46
551,10.9K,2019-06-19,12:28
552,25.4K,2019-06-19,15:25
553,11.6K,2019-06-19,16:22
554,24.7K,2019-06-19,18:12
555,11.8K,2019-06-19,18:57
556,11.8K,2019-06-20,18:37
557,11.8K,2019-06-20,20:03
558,23.1K,2019-06-20,20:25
559,24.4K,2019-06-20,20:57
560,11.5K,2019-06-18,23:46
561,10.9K,2019-06-19,12:28
562,25.4K,2019-06-19,15:25
563,11.6K,2019-06-19,16:22
564,24.7K,2019-06-19,18:12
565,10.6K,2019-06-19,18:57
566,11.2K,2019-06-20,18:37
567,10.3K,2019-06-20,20:03
568,10.3K,2019-06-20,20:25
569,10.3K,2019-06-20,20:57
570,10.3K,2019-06-21,09:39
571,9.7K,2019-06-21,10:07
572,10.0K,2019-06-21,11:49
573,10.0K,2019-06-21,12:13
574,10.0K,2019-06-21,12:29
575,10.6K,2019-06-21,14:03
576,11.2K,2019-06-21,14:09
577,10.3K,2019-06-21,14:18
578,10.3K,2019-06-21,14:29
579,10.3K,2019-06-21,14:52
580,10.3K,2019-06-21,09:39
581,9.7K,2019-06-21,10:07
582,10.0K,2019-06-21,11:49
583,10.0K,2019-06-21,12:13
584,10.0K,2019-06-21,12:29
585,10.9K,2019-06-21,14:03
586,23.6K,2019-06-21,14:09
587,10.9K,2019-06-21,14:18
588,11.5K,2019-06-21,14:29
589,11.5K,2019-06-21,14:52
590,10.6K,2019-06-21,15:07
591,10.6K,2019-06-21,15:21
592,12.8K,2019-06-21,15:45
593,31.2K,2019-06-21,17:56
594,34.8K,2019-06-21,18:55
595,10.9K,2019-06-21,20:15
596,23.6K,2019-06-21,20:15
597,10.9K,2019-06-21,21:08
598,11.5K,2019-06-21,21:48
599,11.5K,2019-06-21,23:20
600,10.6K,2019-06-21,15:07
601,10.6K,2019-06-21,15:21
602,12.8K,2019-06-21,15:45
603,31.2K,2019-06-21,17:56
604,34.8K,2019-06-21,18:55
605,13.4K,2019-06-21,20:15
606,25.5K,2019-06-21,20:15
607,29.3K,2019-06-21,21:08
608,11.5K,2019-06-21,21:48
609,12.8K,2019-06-21,23:20
610,13.7K,2019-06-21,23:36
611,14.9K,2019-06-21,23:46
612,14.9K,2019-06-21,00:23
613,11.5K,2019-06-22,11:53
614,11.8K,2019-06-22,13:17
615,13.4K,2019-06-22,19:57
616,25.5K,2019-06-23,16:33
617,29.3K,2019-06-23,16:48
618,11.5K,2019-06-24,19:25
619,12.8K,2019-06-25,14:31
620,13.7K,2019-06-21,23:36
621,14.9K,2019-06-21,23:46
622,14.9K,2019-06-21,00:23
623,11.5K,2019-06-22,11:53
624,11.8K,2019-06-22,13:17
625,12.2K,2019-06-22,19:57
626,10.6K,2019-06-23,16:33
627,10.3K,2019-06-23,16:48
628,10.0K,2019-06-24,19:25
629,29.3K,2019-06-25,14:31
630,10.3K,2019-06-25,19:46
631,10.3K,2019-06-26,16:15
632,10.6K,2019-06-26,18:27
633,9.7K,2019-06-26,21:25
634,10.0K,2019-06-26,21:54
635,20.9K,2019-06-26,23:12
636,10.0K,2019-06-27,15:48
637,22.8K,2019-06-27,16:21
638,10.0K,2019-06-27,19:25
639,22.4K,2019-06-27,21:15
640,9.7K,2019-06-27,21:17
641,9.7K,2019-06-27,23:36
642,9.4K,2019-06-28,10:47
643,9.4K,2019-06-28,20:24
644,10.6K,2019-06-28,21:55
645,12.1K,2019-06-29,12:25
646,31.4K,2019-06-29,18:48
647,10.6K,2019-06-29,21:50
648,10.6K,2019-06-29,22:23
649,10.6K,2019-06-30,11:40
650,10.6K,2019-06-30,15:09
651,12.8K,2019-06-30,23:57
652,11.2K,2019-06-30,06:52
653,12.8K,2019-06-30,07:17
654,12.4K,2019-06-30,07:57
655,12.2K,2019-07-01,08:00
656,10.6K,2019-07-01,08:13
657,10.3K,2019-07-01,11:05
658,10.0K,2019-07-01,12:23
659,29.3K,2019-07-01,12:47
660,10.3K,2019-06-25,19:46
661,10.3K,2019-06-26,16:15
662,10.6K,2019-06-26,18:27
663,9.7K,2019-06-26,21:25
664,10.0K,2019-06-26,21:54
665,20.9K,2019-06-26,23:12
666,10.0K,2019-06-27,15:48
667,22.8K,2019-06-27,16:21
668,10.0K,2019-06-27,19:25
669,22.4K,2019-06-27,21:15
670,9.7K,2019-06-27,21:17
671,9.7K,2019-06-27,23:36
672,9.4K,2019-06-28,10:47
673,9.4K,2019-06-28,20:24
674,10.6K,2019-06-28,21:55
675,12.1K,2019-06-29,12:25
676,31.4K,2019-06-29,18:48
677,10.6K,2019-06-29,21:50
678,10.6K,2019-06-29,22:23
679,10.6K,2019-06-30,11:40
680,10.6K,2019-06-30,15:09
681,12.8K,2019-06-30,23:57
682,11.2K,2019-06-30,06:52
683,12.8K,2019-06-30,07:17
684,12.4K,2019-06-30,07:57
685,13.4K,2019-07-01,08:00
686,13.1K,2019-07-01,08:13
687,13.7K,2019-07-01,11:05
688,13.4K,2019-07-01,12:23
689,13.4K,2019-07-01,12:47
690,14.4K,2019-07-01,13:50
691,13.4K,2019-07-01,14:44
692,16.0K,2019-07-01,18:00
693,12.2K,2019-07-01,20:52
694,15.7K,2019-07-01,22:29
695,20.9K,2019-07-01,23:21
696,10.0K,2019-07-01,23:54
697,22.8K,2019-07-01,00:26
698,10.0K,2019-07-01,01:19
699,22.4K,2019-07-01,02:39
700,9.7K,2019-06-27,21:17
701,9.7K,2019-06-27,23:36
702,9.4K,2019-06-28,10:47
703,9.4K,2019-06-28,20:24
704,10.6K,2019-06-28,21:55
705,12.1K,2019-06-29,12:25
706,31.4K,2019-06-29,18:48
707,10.6K,2019-06-29,21:50
708,10.6K,2019-06-29,22:23
709,10.6K,2019-06-30,11:40
710,10.6K,2019-06-30,15:09
711,12.8K,2019-06-30,23:57
712,11.2K,2019-06-30,06:52
713,12.8K,2019-06-30,07:17
714,12.4K,2019-06-30,07:57
715,10.6K,2019-07-01,08:00
716,12.1K,2019-07-01,08:13
717,31.4K,2019-07-01,11:05
718,10.6K,2019-07-01,12:23
719,10.6K,2019-07-01,12:47
720,10.6K,2019-06-30,11:40
721,10.6K,2019-06-30,15:09
722,12.8K,2019-06-30,23:57
723,11.2K,2019-06-30,06:52
724,12.8K,2019-06-30,07:17
725,12.4K,2019-06-30,07:57
726,13.4K,2019-07-01,08:00
727,13.1K,2019-07-01,08:13
728,13.7K,2019-07-01,11:05
729,13.4K,2019-07-01,12:23
730,13.4K,2019-07-01,12:47
731,14.4K,2019-07-01,13:50
732,13.4K,2019-07-01,14:44
733,16.0K,2019-07-01,18:00
734,12.2K,2019-07-01,20:52
735,12.4K,2019-07-01,22:29
736,13.4K,2019-07-01,23:21
737,13.1K,2019-07-01,23:54
738,13.7K,2019-07-01,00:26
739,13.4K,2019-07-01,01:19
740,13.4K,2019-07-01,12:47
741,14.4K,2019-07-01,13:50
742,13.4K,2019-07-01,14:44
743,16.0K,2019-07-01,18:00
744,12.2K,2019-07-01,20:52
745,15.7K,2019-07-01,22:29
746,12.5K,2019-07-01,23:21
747,11.6K,2019-07-01,23:54
748,12.8K,2019-07-01,00:26
749,13.1K,2019-07-01,01:19
750,14.7K,2019-07-01,02:39
751,15.6K,2019-07-01,04:41
752,16.2K,2019-07-01,04:43
753,15.0K,2019-07-01,04:44
754,14.7K,2019-07-01,06:12
755,15.0K,2019-07-02,13:28
756,32.8K,2019-07-02,22:23
757,15.3K,2019-07-02,22:40
758,17.1K,2019-07-03,17:07
759,13.3K,2019-07-03,23:11
760,13.6K,2019-07-03,00:28
761,12.9K,2019-07-04,23:29
762,12.6K,2019-07-04,00:32
763,13.8K,2019-07-05,11:19
764,14.4K,2019-07-06,14:32
765,12.3K,2019-07-06,00:39
766,13.8K,2019-07-07,19:13
767,12.9K,2019-07-07,00:09
768,11.0K,2019-07-07,00:24
769,12.5K,2019-07-07,00:33
770,11.8K,2019-07-09,20:59
771,11.1K,2019-07-10,10:36
772,13.9K,2019-07-11,00:36
773,13.3K,2019-07-12,15:24
774,16.1K,2019-07-12,18:03
775,15.7K,2019-07-13,19:14
776,12.5K,2019-07-13,19:30
777,11.6K,2019-07-13,19:55
778,12.8K,2019-07-13,22:50
779,13.1K,2019-07-14,14:28
780,14.7K,2019-07-01,02:39
781,15.6K,2019-07-01,04:41
782,16.2K,2019-07-01,04:43
783,15.0K,2019-07-01,04:44
784,14.7K,2019-07-01,06:12
785,15.0K,2019-07-02,13:28
786,32.8K,2019-07-02,22:23
787,15.3K,2019-07-02,22:40
788,17.1K,2019-07-03,17:07
789,13.3K,2019-07-03,23:11
790,13.6K,2019-07-03,00:28
791,12.9K,2019-07-04,23:29
792,12.6K,2019-07-04,00:32
793,13.8K,2019-07-05,11:19
794,14.4K,2019-07-06,14:32
795,12.3K,2019-07-06,00:39
796,13.8K,2019-07-07,19:13
797,12.9K,2019-07-07,00:09
798,11.0K,2019-07-07,00:24
799,12.5K,2019-07-07,00:33
800,11.8K,2019-07-09,20:59
801,11.1K,2019-07-10,10:36
802,13.9K,2019-07-11,00:36
803,13.3K,2019-07-12,15:24
804,16.1K,2019-07-12,18:03
805,13.2K,2019-07-13,19:14
806,14.4K,2019-07-13,19:30
807,12.0K,2019-07-13,19:55
808,12.6K,2019-07-13,22:50
809,12.3K,2019-07-14,14:28
810,13.0K,2019-07-14,18:01
811,13.6K,2019-07-14,19:01
812,15.2K,2019-07-14,21:44
813,13.0K,2019-07-14,22:15
814,21.4K,2019-07-14,22:37
815,14.7K,2019-07-14,22:40
816,15.0K,2019-07-14,23:26
817,32.8K,2019-07-14,00:50
818,15.3K,2019-07-14,07:56
819,17.1K,2019-07-15,16:02
820,13.3K,2019-07-03,23:11
821,13.6K,2019-07-03,00:28
822,12.9K,2019-07-04,23:29
823,12.6K,2019-07-04,00:32
824,13.8K,2019-07-05,11:19
825,14.4K,2019-07-06,14:32
826,12.3K,2019-07-06,00:39
827,13.8K,2019-07-07,19:13
828,12.9K,2019-07-07,00:09
829,11.0K,2019-07-07,00:24
830,12.5K,2019-07-07,00:33
831,11.8K,2019-07-09,20:59
832,11.1K,2019-07-10,10:36
833,13.9K,2019-07-11,00:36
834,13.3K,2019-07-12,15:24
835,16.1K,2019-07-12,18:03
836,13.2K,2019-07-13,19:14
837,14.4K,2019-07-13,19:30
838,12.0K,2019-07-13,19:55
839,12.6K,2019-07-13,22:50
840,12.3K,2019-07-14,14:28
841,13.0K,2019-07-14,18:01
842,13.6K,2019-07-14,19:01
843,15.2K,2019-07-14,21:44
844,13.0K,2019-07-14,22:15
845,21.4K,2019-07-14,22:37
846,27.0K,2019-07-14,22:40
847,15.5K,2019-07-14,23:26
848,23.5K,2019-07-14,00:50
849,18.5K,2019-07-14,07:56
850,20.0K,2019-07-15,16:02
851,15.7K,2019-07-15,16:07
852,16.3K,2019-07-16,21:03
853,15.4K,2019-07-17,16:11
854,14.4K,2019-07-18,18:35
855,14.4K,2019-07-18,23:06
856,12.3K,2019-07-20,18:58
857,13.8K,2019-07-21,13:28
858,12.9K,2019-07-21,14:54
859,11.0K,2019-07-21,16:51
860,12.5K,2019-07-07,00:33
861,11.8K,2019-07-09,20:59
862,11.1K,2019-07-10,10:36
863,13.9K,2019-07-11,00:36
864,13.3K,2019-07-12,15:24
865,16.1K,2019-07-12,18:03
866,13.2K,2019-07-13,19:14
867,14.4K,2019-07-13,19:30
868,12.0K,2019-07-13,19:55
869,12.6K,2019-07-13,22:50
870,12.3K,2019-07-14,14:28
871,13.0K,2019-07-14,18:01
872,13.6K,2019-07-14,19:01
873,15.2K,2019-07-14,21:44
874,13.0K,2019-07-14,22:15
875,21.4K,2019-07-14,22:37
876,27.0K,2019-07-14,22:40
877,15.5K,2019-07-14,23:26
878,23.5K,2019-07-14,00:50
879,18.5K,2019-07-14,07:56
880,20.0K,2019-07-15,16:02
881,15.7K,2019-07-15,16:07
882,16.3K,2019-07-16,21:03
883,15.4K,2019-07-17,16:11
884,14.4K,2019-07-18,18:35
885,14.4K,2019-07-18,23:06
886,16.6K,2019-07-20,18:58
887,14.7K,2019-07-21,13:28
888,20.6K,2019-07-21,14:54
889,23.7K,2019-07-21,16:51
890,37.6K,2019-07-21,17:14
891,20.8K,2019-07-21,20:11
892,16.9K,2019-07-21,20:51
893,22.8K,2019-07-21,23:09
894,19.1K,2019-07-21,23:11
895,13.3K,2019-07-21,23:14
896,16.1K,2019-07-21,23:25
897,13.2K,2019-07-21,00:00
898,14.4K,2019-07-21,00:04
899,12.0K,2019-07-21,00:24
900,12.6K,2019-07-13,22:50
901,12.3K,2019-07-14,14:28
902,13.0K,2019-07-14,18:01
903,13.6K,2019-07-14,19:01
904,15.2K,2019-07-14,21:44
905,13.0K,2019-07-14,22:15
906,21.4K,2019-07-14,22:37
907,27.0K,2019-07-14,22:40
908,15.5K,2019-07-14,23:26
909,23.5K,2019-07-14,00:50
910,18.5K,2019-07-14,07:56
911,20.0K,2019-07-15,16:02
912,15.7K,2019-07-15,16:07
913,16.3K,2019-07-16,21:03
914,15.4K,2019-07-17,16:11
915,13.0K,2019-07-18,18:35
916,21.4K,2019-07-18,23:06
917,27.0K,2019-07-20,18:58
918,15.5K,2019-07-21,13:28
919,23.5K,2019-07-21,14:54
920,18.5K,2019-07-14,07:56
921,20.0K,2019-07-15,16:02
922,15.7K,2019-07-15,16:07
923,16.3K,2019-07-16,21:03
924,15.4K,2019-07-17,16:11
925,14.4K,2019-07-18,18:35
926,14.4K,2019-07-18,23:06
927,16.6K,2019-07-20,18:58
928,14.7K,2019-07-21,13:28
929,20.6K,2019-07-21,14:54
930,23.7K,2019-07-21,16:51
931,37.6K,2019-07-21,17:14
932,20.8K,2019-07-21,20:11
933,16.9K,2019-07-21,20:51
934,22.8K,2019-07-21,23:09
935,14.4K,2019-07-21,23:11
936,14.4K,2019-07-21,23:14
937,16.6K,2019-07-21,23:25
938,14.7K,2019-07-21,00:00
939,20.6K,2019-07-21,00:04
940,23.7K,2019-07-21,16:51
941,37.6K,2019-07-21,17:14
942,20.8K,2019-07-21,20:11
943,16.9K,2019-07-21,20:51
944,22.8K,2019-07-21,23:09
945,19.1K,2019-07-21,23:11
946,16.6K,2019-07-21,23:14
947,16.6K,2019-07-21,23:25
948,18.8K,2019-07-21,00:00
949,19.8K,2019-07-21,00:04
950,40.4K,2019-07-21,00:24
951,24.3K,2019-07-21,00:33
952,18.0K,2019-07-21,00:37
953,17.4K,2019-07-21,00:42
954,26.0K,2019-07-22,10:55
955,20.4K,2019-07-22,12:58
956,21.4K,2019-07-22,14:33
957,20.4K,2019-07-22,15:56
958,19.8K,2019-07-22,16:01
959,20.7K,2019-07-22,16:05
960,22.3K,2019-07-22,16:21
961,23.4K,2019-07-22,16:56
962,21.5K,2019-07-22,17:01
963,22.4K,2019-07-22,17:12
964,23.8K,2019-07-22,17:23
965,23.2K,2019-07-22,17:53
966,23.6K,2019-07-22,19:58
967,22.5K,2019-07-22,21:04
968,20.6K,2019-07-22,21:25
969,18.5K,2019-07-22,22:48
970,56.2K,2019-07-22,00:28
971,18.9K,2019-07-23,23:10
972,21.3K,2019-07-23,01:25
973,17.1K,2019-07-24,00:24
974,17.9K,2019-07-25,16:17
975,19.1K,2019-07-25,19:37
976,16.6K,2019-07-25,23:17
977,16.6K,2019-07-26,20:03
978,18.8K,2019-07-26,23:33
979,19.8K,2019-07-26,23:46
980,40.4K,2019-07-21,00:24
981,24.3K,2019-07-21,00:33
982,18.0K,2019-07-21,00:37
983,17.4K,2019-07-21,00:42
984,26.0K,2019-07-22,10:55
985,20.4K,2019-07-22,12:58
986,21.4K,2019-07-22,14:33
987,20.4K,2019-07-22,15:56
988,19.8K,2019-07-22,16:01
989,20.7K,2019-07-22,16:05
990,22.3K,2019-07-22,16:21
991,23.4K,2019-07-22,16:56
992,21.5K,2019-07-22,17:01
993,22.4K,2019-07-22,17:12
994,23.8K,2019-07-22,17:23
995,23.2K,2019-07-22,17:53
996,23.6K,2019-07-22,19:58
997,22.5K,2019-07-22,21:04
998,20.6K,2019-07-22,21:25
999,18.5K,2019-07-22,22:48
1000,56.2K,2019-07-22,00:28
1001,18.9K,2019-07-23,23:10
1002,21.3K,2019-07-23,01:25
1003,17.1K,2019-07-24,00:24
1004,17.9K,2019-07-25,16:17
1005,17.5K,2019-07-25,19:37
1006,17.9K,2019-07-25,23:17
1007,16.4K,2019-07-26,20:03
1008,23.6K,2019-07-26,23:33
1009,21.4K,2019-07-26,23:46
1010,17.5K,2019-07-27,13:15
1011,16.5K,2019-07-27,17:05
1012,18.3K,2019-07-27,17:19
1013,21.3K,2019-07-27,17:44
1014,20.4K,2019-07-27,17:45
1015,21.4K,2019-07-27,18:03
1016,20.4K,2019-07-27,18:10
1017,19.8K,2019-07-27,18:30
1018,20.7K,2019-07-27,19:23
1019,22.3K,2019-07-27,19:29
1020,23.4K,2019-07-22,16:21
1021,21.5K,2019-07-22,16:56
1022,22.4K,2019-07-22,17:01
1023,23.8K,2019-07-22,17:12
1024,23.2K,2019-07-22,17:23
1025,23.6K,2019-07-22,17:53
1026,22.5K,2019-07-22,19:58
1027,20.6K,2019-07-22,21:04
1028,18.5K,2019-07-22,21:25
1029,56.2K,2019-07-22,22:48
1030,18.9K,2019-07-22,00:28
1031,21.3K,2019-07-23,23:10
1032,17.1K,2019-07-23,01:25
1033,17.9K,2019-07-24,00:24
1034,17.5K,2019-07-25,16:17
1035,17.9K,2019-07-25,19:37
1036,16.4K,2019-07-25,23:17
1037,23.6K,2019-07-26,20:03
1038,21.4K,2019-07-26,23:33
1039,17.5K,2019-07-26,23:46
1040,16.5K,2019-07-27,13:15
1041,18.3K,2019-07-27,17:05
1042,21.3K,2019-07-27,17:19
1043,23.9K,2019-07-27,17:44
1044,28.4K,2019-07-27,17:45
1045,44.6K,2019-07-27,18:03
1046,19.1K,2019-07-27,18:10
1047,16.1K,2019-07-27,18:30
1048,15.6K,2019-07-27,19:23
1049,17.2K,2019-07-27,19:29
1050,16.2K,2019-07-27,20:41
1051,25.5K,2019-07-27,21:30
1052,23.2K,2019-07-27,23:41
1053,23.6K,2019-07-28,12:24
1054,22.5K,2019-07-28,17:40
1055,20.6K,2019-07-28,19:03
1056,18.5K,2019-07-28,19:13
1057,56.2K,2019-07-28,19:39
1058,18.9K,2019-07-28,19:40
1059,21.3K,2019-07-28,20:05
1060,17.1K,2019-07-22,00:28
1061,17.9K,2019-07-23,23:10
1062,17.5K,2019-07-23,01:25
1063,17.9K,2019-07-24,00:24
1064,16.4K,2019-07-25,16:17
1065,23.6K,2019-07-25,19:37
1066,21.4K,2019-07-25,23:17
1067,17.5K,2019-07-26,20:03
1068,16.5K,2019-07-26,23:33
1069,18.3K,2019-07-26,23:46
1070,21.3K,2019-07-27,13:15
1071,23.9K,2019-07-27,17:05
1072,28.4K,2019-07-27,17:19
1073,44.6K,2019-07-27,17:44
1074,19.1K,2019-07-27,17:45
1075,16.1K,2019-07-27,18:03
1076,15.6K,2019-07-27,18:10
1077,17.2K,2019-07-27,18:30
1078,16.2K,2019-07-27,19:23
1079,25.5K,2019-07-27,19:29
1080,16.6K,2019-07-27,20:41
1081,31.3K,2019-07-27,21:30
1082,37.8K,2019-07-27,23:41
1083,19.5K,2019-07-28,12:24
1084,53.8K,2019-07-28,17:40
1085,15.0K,2019-07-28,19:03
1086,16.9K,2019-07-28,19:13
1087,18.6K,2019-07-28,19:39
1088,17.4K,2019-07-28,19:40
1089,17.9K,2019-07-28,20:05
1090,17.5K,2019-07-28,20:13
1091,17.9K,2019-07-28,20:29
1092,16.4K,2019-07-28,23:12
1093,23.6K,2019-07-28,23:17
1094,21.4K,2019-07-28,23:30
1095,17.5K,2019-07-28,23:49
1096,16.5K,2019-07-28,23:55
1097,18.3K,2019-07-28,02:57
1098,21.3K,2019-07-29,15:24
1099,23.9K,2019-07-29,16:26
1100,28.4K,2019-07-27,13:15
1101,44.6K,2019-07-27,17:05
1102,19.1K,2019-07-27,17:19
1103,16.1K,2019-07-27,17:44
1104,15.6K,2019-07-27,17:45
1105,17.2K,2019-07-27,18:03
1106,16.2K,2019-07-27,18:10
1107,25.5K,2019-07-27,18:30
1108,23.9K,2019-07-27,19:23
1109,28.4K,2019-07-27,19:29
1110,44.6K,2019-07-27,20:41
1111,19.1K,2019-07-27,21:30
1112,16.1K,2019-07-27,23:41
1113,15.6K,2019-07-28,12:24
1114,17.2K,2019-07-28,17:40
1115,16.2K,2019-07-28,19:03
1116,25.5K,2019-07-28,19:13
1117,16.6K,2019-07-28,19:39
1118,31.3K,2019-07-28,19:40
1119,37.8K,2019-07-28,20:05
1120,19.5K,2019-07-27,20:41
1121,53.8K,2019-07-27,21:30
1122,15.0K,2019-07-27,23:41
1123,16.9K,2019-07-28,12:24
1124,18.6K,2019-07-28,17:40
1125,17.4K,2019-07-28,19:03
1126,17.9K,2019-07-28,19:13
1127,16.6K,2019-07-28,19:39
1128,31.3K,2019-07-28,19:40
1129,37.8K,2019-07-28,20:05
1130,19.5K,2019-07-28,20:13
1131,53.8K,2019-07-28,20:29
1132,15.0K,2019-07-28,23:12
1133,16.9K,2019-07-28,23:17
1134,18.6K,2019-07-28,23:30
1135,17.4K,2019-07-28,23:49
1136,17.9K,2019-07-28,23:55
1137,21.3K,2019-07-28,02:57
1138,22.5K,2019-07-29,15:24
1139,17.9K,2019-07-29,16:26
1140,48.6K,2019-07-28,20:13
1141,18.5K,2019-07-28,20:29
1142,23.4K,2019-07-28,23:12
1143,23.4K,2019-07-28,23:17
1144,21.8K,2019-07-28,23:30
1145,20.8K,2019-07-28,23:49
1146,18.3K,2019-07-28,23:55
1147,17.4K,2019-07-28,02:57
1148,17.9K,2019-07-29,15:24
1149,21.3K,2019-07-29,16:26
1150,22.5K,2019-07-29,16:28
1151,17.9K,2019-07-30,14:03
1152,48.6K,2019-07-30,22:12
1153,18.5K,2019-07-30,22:57
1154,23.4K,2019-07-30,01:15
1155,23.4K,2019-07-31,21:21
1156,21.8K,2019-07-31,01:19
1157,20.8K,2019-08-01,14:13
1158,18.3K,2019-08-02,12:57
1159,32.0K,2019-08-02,23:16
1160,18.8K,2019-07-29,15:24
1161,20.0K,2019-07-29,16:26
1162,16.4K,2019-07-29,16:28
1163,16.2K,2019-07-30,14:03
1164,16.4K,2019-07-30,22:12
1165,17.9K,2019-07-30,22:57
1166,20.8K,2019-07-30,01:15
1167,18.3K,2019-07-31,21:21
1168,32.0K,2019-07-31,01:19
1169,18.8K,2019-08-01,14:13
1170,20.0K,2019-08-02,12:57
1171,16.4K,2019-08-02,23:16
1172,16.2K,2019-08-03,10:52
1173,16.4K,2019-08-03,15:20
1174,17.9K,2019-08-03,17:50
1175,15.9K,2019-08-03,21:29
1176,19.0K,2019-08-03,23:00
1177,19.9K,2019-08-03,23:05
1178,20.4K,2019-08-03,23:09
1179,21.2K,2019-08-03,23:21
1180,31.1K,2019-08-02,12:57
1181,29.7K,2019-08-02,23:16
1182,29.5K,2019-08-03,10:52
1183,35.9K,2019-08-03,15:20
1184,42.1K,2019-08-03,17:50
1185,15.9K,2019-08-03,21:29
1186,19.0K,2019-08-03,23:00
1187,19.9K,2019-08-03,23:05
1188,20.4K,2019-08-03,23:09
1189,21.2K,2019-08-03,23:21
1190,31.1K,2019-08-03,00:09
1191,29.7K,2019-08-03,02:01
1192,29.5K,2019-08-04,13:24
1193,35.9K,2019-08-04,15:18
1194,42.1K,2019-08-04,18:21
1195,22.5K,2019-08-04,23:17
1196,27.0K,2019-08-05,09:14
1197,34.9K,2019-08-05,21:15
1198,25.5K,2019-08-05,23:23
1199,22.2K,2019-08-06,16:31
1200,18.6K,2019-08-03,00:09
1201,19.1K,2019-08-03,02:01
1202,20.0K,2019-08-04,13:24
1203,20.8K,2019-08-04,15:18
1204,18.9K,2019-08-04,18:21
1205,22.5K,2019-08-04,23:17
1206,27.0K,2019-08-05,09:14
1207,34.9K,2019-08-05,21:15
1208,25.5K,2019-08-05,23:23
1209,22.2K,2019-08-06,16:31
1210,18.6K,2019-08-06,23:25
1211,19.1K,2019-08-06,00:48
1212,20.0K,2019-08-07,00:20
1213,20.8K,2019-08-08,00:28
1214,18.9K,2019-08-09,21:06
1215,17.6K,2019-08-10,19:09
1216,16.9K,2019-08-10,20:10
1217,20.9K,2019-08-10,21:49
1218,15.1K,2019-08-10,22:37
1219,17.3K,2019-08-11,16:42
1220,21.0K,2019-08-06,23:25
1221,16.8K,2019-08-06,00:48
1222,16.9K,2019-08-07,00:20
1223,17.6K,2019-08-08,00:28
1224,18.2K,2019-08-09,21:06
1225,17.6K,2019-08-10,19:09
1226,16.9K,2019-08-10,20:10
1227,20.9K,2019-08-10,21:49
1228,15.1K,2019-08-10,22:37
1229,17.3K,2019-08-11,16:42
1230,21.0K,2019-08-11,17:10
1231,16.8K,2019-08-11,17:53
1232,16.9K,2019-08-11,18:43
1233,17.6K,2019-08-11,18:48
1234,18.2K,2019-08-11,19:16
1235,17.8K,2019-08-11,20:01
1236,19.3K,2019-08-11,21:00
1237,18.9K,2019-08-11,21:06
1238,25.5K,2019-08-11,21:09
1239,46.3K,2019-08-11,22:25
1240,21.0K,2019-08-11,17:10
1241,24.7K,2019-08-11,17:53
1242,23.3K,2019-08-11,18:43
1243,43.5K,2019-08-11,18:48
1244,21.3K,2019-08-11,19:16
1245,22.5K,2019-08-11,20:01
1246,23.2K,2019-08-11,21:00
1247,22.3K,2019-08-11,21:06
1248,24.2K,2019-08-11,21:09
1249,27.7K,2019-08-11,22:25
1250,22.7K,2019-08-11,22:48
1251,24.8K,2019-08-11,22:51
1252,28.3K,2019-08-11,23:34
1253,24.0K,2019-08-11,00:32
1254,22.8K,2019-08-11,00:55
1255,19.4K,2019-08-12,09:42
1256,21.4K,2019-08-12,11:33
1257,22.8K,2019-08-12,14:50
1258,19.4K,2019-08-12,16:03
1259,22.7K,2019-08-12,16:04
1260,20.5K,2019-08-12,16:08
1261,19.6K,2019-08-12,17:48
1262,20.1K,2019-08-12,20:08
1263,29.2K,2019-08-12,23:21
1264,52.9K,2019-08-12,00:24
1265,17.8K,2019-08-13,01:43
1266,19.3K,2019-08-14,15:05
1267,18.9K,2019-08-14,15:12
1268,25.5K,2019-08-15,19:18
1269,46.3K,2019-08-16,11:27
1270,21.0K,2019-08-16,23:39
1271,24.7K,2019-08-17,09:46
1272,23.3K,2019-08-17,19:06
1273,43.5K,2019-08-18,14:15
1274,21.3K,2019-08-18,14:39
1275,22.5K,2019-08-18,14:47
1276,23.2K,2019-08-18,15:41
1277,22.3K,2019-08-18,15:56
1278,24.2K,2019-08-18,16:21
1279,27.7K,2019-08-18,18:03
1280,22.7K,2019-08-11,22:48
1281,24.8K,2019-08-11,22:51
1282,28.3K,2019-08-11,23:34
1283,24.0K,2019-08-11,00:32
1284,22.8K,2019-08-11,00:55
1285,19.4K,2019-08-12,09:42
1286,21.4K,2019-08-12,11:33
1287,22.8K,2019-08-12,14:50
1288,19.4K,2019-08-12,16:03
1289,22.7K,2019-08-12,16:04
1290,20.5K,2019-08-12,16:08
1291,19.6K,2019-08-12,17:48
1292,20.1K,2019-08-12,20:08
1293,29.2K,2019-08-12,23:21
1294,52.9K,2019-08-12,00:24
1295,25.7K,2019-08-13,01:43
1296,29.4K,2019-08-14,15:05
1297,28.9K,2019-08-14,15:12
1298,31.4K,2019-08-15,19:18
1299,34.3K,2019-08-16,11:27
1300,27.6K,2019-08-16,23:39
1301,25.5K,2019-08-17,09:46
1302,22.8K,2019-08-17,19:06
1303,23.6K,2019-08-18,14:15
1304,46.9K,2019-08-18,14:39
1305,22.5K,2019-08-18,14:47
1306,23.2K,2019-08-18,15:41
1307,22.3K,2019-08-18,15:56
1308,24.2K,2019-08-18,16:21
1309,27.7K,2019-08-18,18:03
1310,22.7K,2019-08-18,18:28
1311,24.8K,2019-08-18,18:46
1312,28.3K,2019-08-18,22:11
1313,24.0K,2019-08-20,12:46
1314,22.8K,2019-08-20,00:11
1315,19.4K,2019-08-21,22:51
1316,21.4K,2019-08-23,12:08
1317,22.8K,2019-08-23,00:05
1318,19.4K,2019-08-24,10:38
1319,22.7K,2019-08-24,19:22
1320,20.5K,2019-08-12,16:08
1321,19.6K,2019-08-12,17:48
1322,20.1K,2019-08-12,20:08
1323,29.2K,2019-08-12,23:21
1324,52.9K,2019-08-12,00:24
1325,25.7K,2019-08-13,01:43
1326,29.4K,2019-08-14,15:05
1327,28.9K,2019-08-14,15:12
1328,31.4K,2019-08-15,19:18
1329,34.3K,2019-08-16,11:27
1330,27.6K,2019-08-16,23:39
1331,25.5K,2019-08-17,09:46
1332,22.8K,2019-08-17,19:06
1333,23.6K,2019-08-18,14:15
1334,46.9K,2019-08-18,14:39
1335,28.3K,2019-08-18,14:47
1336,21.3K,2019-08-18,15:41
1337,21.6K,2019-08-18,15:56
1338,30.7K,2019-08-18,16:21
1339,24.4K,2019-08-18,18:03
1340,23.7K,2019-08-18,18:28
1341,27.8K,2019-08-18,18:46
1342,23.4K,2019-08-18,22:11
1343,25.4K,2019-08-20,12:46
1344,27.9K,2019-08-20,00:11
1345,19.4K,2019-08-21,22:51
1346,21.4K,2019-08-23,12:08
1347,22.8K,2019-08-23,00:05
1348,19.4K,2019-08-24,10:38
1349,22.7K,2019-08-24,19:22
1350,20.5K,2019-08-24,20:34
1351,19.6K,2019-08-24,20:57
1352,20.1K,2019-08-25,11:39
1353,29.2K,2019-08-25,17:04
1354,52.9K,2019-08-25,17:58
1355,25.7K,2019-08-25,18:09
1356,29.4K,2019-08-25,18:22
1357,28.9K,2019-08-25,21:09
1358,31.4K,2019-08-26,16:34
1359,34.3K,2019-08-26,18:01
1360,27.6K,2019-08-16,23:39
1361,25.5K,2019-08-17,09:46
1362,22.8K,2019-08-17,19:06
1363,23.6K,2019-08-18,14:15
1364,46.9K,2019-08-18,14:39
1365,28.3K,2019-08-18,14:47
1366,21.3K,2019-08-18,15:41
1367,21.6K,2019-08-18,15:56
1368,30.7K,2019-08-18,16:21
1369,24.4K,2019-08-18,18:03
1370,23.7K,2019-08-18,18:28
1371,27.8K,2019-08-18,18:46
1372,23.4K,2019-08-18,22:11
1373,25.4K,2019-08-20,12:46
1374,27.9K,2019-08-20,00:11
1375,33.8K,2019-08-21,22:51
1376,26.8K,2019-08-23,12:08
1377,30.6K,2019-08-23,00:05
1378,25.5K,2019-08-24,10:38
1379,22.2K,2019-08-24,19:22
1380,48.2K,2019-08-24,20:34
1381,21.5K,2019-08-24,20:57
1382,25.2K,2019-08-25,11:39
1383,26.3K,2019-08-25,17:04
1384,23.7K,2019-08-25,17:58
1385,25.7K,2019-08-25,18:09
1386,29.4K,2019-08-25,18:22
1387,28.9K,2019-08-25,21:09
1388,31.4K,2019-08-26,16:34
1389,34.3K,2019-08-26,18:01
1390,27.6K,2019-08-27,00:04
1391,25.5K,2019-08-29,11:16
1392,22.8K,2019-08-30,11:59
1393,23.6K,2019-08-30,23:32
1394,46.9K,2019-08-31,20:37
1395,28.3K,2019-08-31,21:39
1396,21.3K,2019-08-31,21:59
1397,21.6K,2019-08-31,22:14
1398,30.7K,2019-08-31,22:44
1399,24.4K,2019-08-31,22:59
1400,23.7K,2019-08-18,18:28
1401,27.8K,2019-08-18,18:46
1402,23.4K,2019-08-18,22:11
1403,25.4K,2019-08-20,12:46
1404,27.9K,2019-08-20,00:11
1405,33.8K,2019-08-21,22:51
1406,26.8K,2019-08-23,12:08
1407,30.6K,2019-08-23,00:05
1408,25.5K,2019-08-24,10:38
1409,22.2K,2019-08-24,19:22
1410,48.2K,2019-08-24,20:34
1411,21.5K,2019-08-24,20:57
1412,25.2K,2019-08-25,11:39
1413,26.3K,2019-08-25,17:04
1414,23.7K,2019-08-25,17:58
1415,20.6K,2019-08-25,18:09
1416,24.7K,2019-08-25,18:22
1417,24.7K,2019-08-25,21:09
1418,21.3K,2019-08-26,16:34
1419,25.6K,2019-08-26,18:01
1420,20.9K,2019-08-27,00:04
1421,21.5K,2019-08-29,11:16
1422,21.4K,2019-08-30,11:59
1423,22.0K,2019-08-30,23:32
1424,23.4K,2019-08-31,20:37
1425,28.3K,2019-08-31,21:39
1426,21.3K,2019-08-31,21:59
1427,21.6K,2019-08-31,22:14
1428,30.7K,2019-08-31,22:44
1429,24.4K,2019-08-31,22:59
1430,23.7K,2019-08-31,23:18
1431,27.8K,2019-08-31,23:46
1432,23.4K,2019-08-31,23:48
1433,25.4K,2019-08-31,23:56
1434,27.9K,2019-09-01,15:39
1435,33.8K,2019-09-01,16:34
1436,26.8K,2019-09-01,17:22
1437,30.6K,2019-09-01,17:49
1438,25.5K,2019-09-01,18:00
1439,22.2K,2019-09-01,18:06
1440,48.2K,2019-08-24,20:34
1441,21.5K,2019-08-24,20:57
1442,25.2K,2019-08-25,11:39
1443,26.3K,2019-08-25,17:04
1444,23.7K,2019-08-25,17:58
1445,20.6K,2019-08-25,18:09
1446,24.7K,2019-08-25,18:22
1447,24.7K,2019-08-25,21:09
1448,21.3K,2019-08-26,16:34
1449,25.6K,2019-08-26,18:01
1450,20.9K,2019-08-27,00:04
1451,21.5K,2019-08-29,11:16
1452,21.4K,2019-08-30,11:59
1453,22.0K,2019-08-30,23:32
1454,23.4K,2019-08-31,20:37
1455,21.8K,2019-08-31,21:39
1456,23.6K,2019-08-31,21:59
1457,26.8K,2019-08-31,22:14
1458,31.8K,2019-08-31,22:44
1459,31.3K,2019-08-31,22:59
1460,25.3K,2019-08-31,23:18
1461,21.6K,2019-08-31,23:46
1462,21.8K,2019-08-31,23:48
1463,27.2K,2019-08-31,23:56
1464,24.3K,2019-09-01,15:39
1465,27.9K,2019-09-01,16:34
1466,33.8K,2019-09-01,17:22
1467,26.8K,2019-09-01,17:49
1468,30.6K,2019-09-01,18:00
1469,25.5K,2019-09-01,18:06
1470,22.2K,2019-09-01,19:04
1471,48.2K,2019-09-01,22:42
1472,21.5K,2019-09-01,00:54
1473,25.2K,2019-09-02,09:52
1474,26.3K,2019-09-03,12:55
1475,23.7K,2019-09-03,00:44
1476,20.6K,2019-09-04,18:02
1477,24.7K,2019-09-05,10:06
1478,24.7K,2019-09-05,10:06
1479,21.3K,2019-09-05,11:40
1480,25.6K,2019-08-26,18:01
1481,20.9K,2019-08-27,00:04
1482,21.5K,2019-08-29,11:16
1483,21.4K,2019-08-30,11:59
1484,22.0K,2019-08-30,23:32
1485,23.4K,2019-08-31,20:37
1486,21.8K,2019-08-31,21:39
1487,23.6K,2019-08-31,21:59
1488,26.8K,2019-08-31,22:14
1489,31.8K,2019-08-31,22:44
1490,31.3K,2019-08-31,22:59
1491,25.3K,2019-08-31,23:18
1492,21.6K,2019-08-31,23:46
1493,21.8K,2019-08-31,23:48
1494,27.2K,2019-08-31,23:56
1495,24.3K,2019-09-01,15:39
1496,26.0K,2019-09-01,16:34
1497,22.9K,2019-09-01,17:22
1498,21.0K,2019-09-01,17:49
1499,28.2K,2019-09-01,18:00
1500,22.1K,2019-09-01,18:06
1501,23.9K,2019-09-01,19:04
1502,21.8K,2019-09-01,22:42
1503,20.1K,2019-09-01,00:54
1504,20.2K,2019-09-02,09:52
1505,23.7K,2019-09-03,12:55
1506,20.6K,2019-09-03,00:44
1507,24.7K,2019-09-04,18:02
1508,24.7K,2019-09-05,10:06
1509,21.3K,2019-09-05,10:06
1510,25.6K,2019-09-05,11:40
1511,20.9K,2019-09-05,21:27
1512,21.5K,2019-09-06,17:21
1513,21.4K,2019-09-06,22:44
1514,22.0K,2019-09-06,23:37
1515,23.4K,2019-09-06,00:25
1516,21.8K,2019-09-07,16:26
1517,23.6K,2019-09-07,19:33
1518,26.8K,2019-09-07,21:11
1519,31.8K,2019-09-07,23:30
1520,31.3K,2019-08-31,22:59
1521,25.3K,2019-08-31,23:18
1522,21.6K,2019-08-31,23:46
1523,21.8K,2019-08-31,23:48
1524,27.2K,2019-08-31,23:56
1525,24.3K,2019-09-01,15:39
1526,26.0K,2019-09-01,16:34
1527,22.9K,2019-09-01,17:22
1528,21.0K,2019-09-01,17:49
1529,28.2K,2019-09-01,18:00
1530,22.1K,2019-09-01,18:06
1531,23.9K,2019-09-01,19:04
1532,21.8K,2019-09-01,22:42
1533,20.1K,2019-09-01,00:54
1534,20.2K,2019-09-02,09:52
1535,21.0K,2019-09-03,12:55
1536,21.5K,2019-09-03,00:44
1537,23.6K,2019-09-04,18:02
1538,26.1K,2019-09-05,10:06
1539,30.0K,2019-09-05,10:06
1540,27.6K,2019-09-05,11:40
1541,29.4K,2019-09-05,21:27
1542,23.1K,2019-09-06,17:21
1543,22.2K,2019-09-06,22:44
1544,30.7K,2019-09-06,23:37
1545,23.4K,2019-09-06,00:25
1546,21.8K,2019-09-07,16:26
1547,23.6K,2019-09-07,19:33
1548,26.8K,2019-09-07,21:11
1549,31.8K,2019-09-07,23:30
1550,31.3K,2019-09-07,23:42
1551,25.3K,2019-09-07,23:57
1552,21.6K,2019-09-07,00:15
1553,21.8K,2019-09-08,16:04
1554,27.2K,2019-09-08,18:45
1555,24.3K,2019-09-08,21:35
1556,26.0K,2019-09-08,22:06
1557,22.9K,2019-09-11,17:56
1558,21.0K,2019-09-11,22:26
1559,28.2K,2019-09-12,09:03
1560,22.1K,2019-09-01,18:06
1561,23.9K,2019-09-01,19:04
1562,21.8K,2019-09-01,22:42
1563,20.1K,2019-09-01,00:54
1564,20.2K,2019-09-02,09:52
1565,21.0K,2019-09-03,12:55
1566,21.5K,2019-09-03,00:44
1567,23.6K,2019-09-04,18:02
1568,26.1K,2019-09-05,10:06
1569,30.0K,2019-09-05,10:06
1570,27.6K,2019-09-05,11:40
1571,29.4K,2019-09-05,21:27
1572,23.1K,2019-09-06,17:21
1573,22.2K,2019-09-06,22:44
1574,30.7K,2019-09-06,23:37
1575,43.2K,2019-09-06,00:25
1576,39.7K,2019-09-07,16:26
1577,42.5K,2019-09-07,19:33
1578,31.0K,2019-09-07,21:11
1579,31.8K,2019-09-07,23:30
1580,26.9K,2019-09-07,23:42
1581,32.9K,2019-09-07,23:57
1582,19.0K,2019-09-07,00:15
1583,27.6K,2019-09-08,16:04
1584,23.2K,2019-09-08,18:45
1585,24.3K,2019-09-08,21:35
1586,26.0K,2019-09-08,22:06
1587,22.9K,2019-09-11,17:56
1588,21.0K,2019-09-11,22:26
1589,28.2K,2019-09-12,09:03
1590,22.1K,2019-09-12,12:02
1591,23.9K,2019-09-12,12:20
1592,21.8K,2019-09-13,14:48
1593,20.1K,2019-09-15,16:51
1594,20.2K,2019-09-15,19:33
1595,21.0K,2019-09-17,11:31
1596,21.5K,2019-09-17,22:33
1597,23.6K,2019-09-21,11:12
1598,26.1K,2019-09-21,11:12
1599,30.0K,2019-09-21,17:26
1600,27.6K,2019-09-05,11:40
1601,29.4K,2019-09-05,21:27
1602,23.1K,2019-09-06,17:21
1603,22.2K,2019-09-06,22:44
1604,30.7K,2019-09-06,23:37
1605,43.2K,2019-09-06,00:25
1606,39.7K,2019-09-07,16:26
1607,42.5K,2019-09-07,19:33
1608,31.0K,2019-09-07,21:11
1609,31.8K,2019-09-07,23:30
1610,26.9K,2019-09-07,23:42
1611,32.9K,2019-09-07,23:57
1612,19.0K,2019-09-07,00:15
1613,27.6K,2019-09-08,16:04
1614,23.2K,2019-09-08,18:45
1615,23.5K,2019-09-08,21:35
1616,25.4K,2019-09-08,22:06
1617,22.3K,2019-09-11,17:56
1618,23.7K,2019-09-11,22:26
1619,25.8K,2019-09-12,09:03
1620,28.1K,2019-09-12,12:02
1621,17.8K,2019-09-12,12:20
1622,17.7K,2019-09-13,14:48
1623,17.3K,2019-09-15,16:51
1624,17.3K,2019-09-15,19:33
1625,21.0K,2019-09-17,11:31
1626,21.5K,2019-09-17,22:33
1627,23.6K,2019-09-21,11:12
1628,26.1K,2019-09-21,11:12
1629,30.0K,2019-09-21,17:26
1630,27.6K,2019-09-21,22:07
1631,29.4K,2019-09-24,23:44
1632,23.1K,2019-09-26,12:58
1633,22.2K,2019-09-26,16:21
1634,30.7K,2019-09-26,16:54
1635,43.2K,2019-09-27,18:37
1636,39.7K,2019-09-28,20:26
1637,42.5K,2019-09-28,20:40
1638,31.0K,2019-09-28,20:45
1639,31.8K,2019-09-29,15:10
1640,26.9K,2019-09-07,23:42
1641,32.9K,2019-09-07,23:57
1642,19.0K,2019-09-07,00:15
1643,27.6K,2019-09-08,16:04
1644,23.2K,2019-09-08,18:45
1645,23.5K,2019-09-08,21:35
1646,25.4K,2019-09-08,22:06
1647,22.3K,2019-09-11,17:56
1648,23.7K,2019-09-11,22:26
1649,25.8K,2019-09-12,09:03
1650,28.1K,2019-09-12,12:02
1651,17.8K,2019-09-12,12:20
1652,17.7K,2019-09-13,14:48
1653,17.3K,2019-09-15,16:51
1654,17.3K,2019-09-15,19:33
1655,15.5K,2019-09-17,11:31
1656,16.4K,2019-09-17,22:33
1657,13.9K,2019-09-21,11:12
1658,12.6K,2019-09-21,11:12
1659,11.7K,2019-09-21,17:26
1660,11.4K,2019-09-21,22:07
1661,11.2K,2019-09-24,23:44
1662,15.6K,2019-09-26,12:58
1663,14.6K,2019-09-26,16:21
1664,10.9K,2019-09-26,16:54
1665,43.2K,2019-09-27,18:37
1666,39.7K,2019-09-28,20:26
1667,42.5K,2019-09-28,20:40
1668,31.0K,2019-09-28,20:45
1669,31.8K,2019-09-29,15:10
1670,26.9K,2019-09-29,15:31
1671,32.9K,2019-09-29,15:50
1672,19.0K,2019-09-29,15:55
1673,27.6K,2019-09-29,16:06
1674,23.2K,2019-09-29,16:07
1675,23.5K,2019-09-29,16:22
1676,25.4K,2019-09-29,16:23
1677,22.3K,2019-09-29,16:25
1678,23.7K,2019-09-29,16:33
1679,25.8K,2019-09-29,16:35
1680,28.1K,2019-09-12,12:02
1681,17.8K,2019-09-12,12:20
1682,17.7K,2019-09-13,14:48
1683,17.3K,2019-09-15,16:51
1684,17.3K,2019-09-15,19:33
1685,15.5K,2019-09-17,11:31
1686,16.4K,2019-09-17,22:33
1687,13.9K,2019-09-21,11:12
1688,12.6K,2019-09-21,11:12
1689,11.7K,2019-09-21,17:26
1690,11.4K,2019-09-21,22:07
1691,11.2K,2019-09-24,23:44
1692,15.6K,2019-09-26,12:58
1693,14.6K,2019-09-26,16:21
1694,10.9K,2019-09-26,16:54
1695,11.0K,2019-09-27,18:37
1696,12.8K,2019-09-28,20:26
1697,11.4K,2019-09-28,20:40
1698,14.3K,2019-09-28,20:45
1699,12.5K,2019-09-29,15:10
1700,13.3K,2019-09-29,15:31
1701,14.2K,2019-09-29,15:50
1702,14.4K,2019-09-29,15:55
1703,13.5K,2019-09-29,16:06
1704,16.3K,2019-09-29,16:07
1705,23.2K,2019-09-29,16:22
1706,23.5K,2019-09-29,16:23
1707,25.4K,2019-09-29,16:25
1708,22.3K,2019-09-29,16:33
1709,23.7K,2019-09-29,16:35
1710,25.8K,2019-09-29,16:43
1711,28.1K,2019-09-29,16:50
1712,17.8K,2019-09-29,16:54
1713,17.7K,2019-09-29,16:57
1714,17.3K,2019-09-29,17:21
1715,17.3K,2019-09-29,18:38
1716,15.5K,2019-09-29,18:42
1717,16.4K,2019-09-29,19:24
1718,13.9K,2019-09-29,20:19
1719,12.6K,2019-09-29,23:14
1720,11.7K,2019-09-21,17:26
1721,11.4K,2019-09-21,22:07
1722,11.2K,2019-09-24,23:44
1723,15.6K,2019-09-26,12:58
1724,14.6K,2019-09-26,16:21
1725,10.9K,2019-09-26,16:54
1726,11.0K,2019-09-27,18:37
1727,12.8K,2019-09-28,20:26
1728,11.4K,2019-09-28,20:40
1729,14.3K,2019-09-28,20:45
1730,12.5K,2019-09-29,15:10
1731,13.3K,2019-09-29,15:31
1732,14.2K,2019-09-29,15:50
1733,14.4K,2019-09-29,15:55
1734,13.5K,2019-09-29,16:06
1735,16.3K,2019-09-29,16:07
1736,15.3K,2019-09-29,16:22
1737,14.9K,2019-09-29,16:23
1738,15.1K,2019-09-29,16:25
1739,21.7K,2019-09-29,16:33
1740,18.7K,2019-09-29,16:35
1741,19.0K,2019-09-29,16:43
1742,17.7K,2019-09-29,16:50
1743,17.3K,2019-09-29,16:54
1744,19.4K,2019-09-29,16:57
1745,17.3K,2019-09-29,17:21
1746,17.3K,2019-09-29,18:38
1747,15.5K,2019-09-29,18:42
1748,16.4K,2019-09-29,19:24
1749,13.9K,2019-09-29,20:19
1750,12.6K,2019-09-29,23:14
1751,11.7K,2019-09-29,23:35
1752,11.4K,2019-09-29,23:57
1753,11.2K,2019-09-30,11:41
1754,15.6K,2019-09-30,18:13
1755,14.6K,2019-09-30,19:02
1756,10.9K,2019-09-30,22:52
1757,11.0K,2019-09-30,00:28
1758,12.8K,2019-10-01,08:41
1759,11.4K,2019-10-01,08:59
1760,14.3K,2019-09-28,20:45
1761,12.5K,2019-09-29,15:10
1762,13.3K,2019-09-29,15:31
1763,14.2K,2019-09-29,15:50
1764,14.4K,2019-09-29,15:55
1765,11.2K,2019-09-29,16:06
1766,15.6K,2019-09-29,16:07
1767,14.6K,2019-09-29,16:22
1768,10.9K,2019-09-29,16:23
1769,11.0K,2019-09-29,16:25
1770,12.8K,2019-09-29,16:33
1771,11.4K,2019-09-29,16:35
1772,14.3K,2019-09-29,16:43
1773,12.5K,2019-09-29,16:50
1774,13.3K,2019-09-29,16:54
1775,14.2K,2019-09-29,16:57
1776,14.4K,2019-09-29,17:21
1777,13.5K,2019-09-29,18:38
1778,16.3K,2019-09-29,18:42
1779,15.3K,2019-09-29,19:24
1780,14.9K,2019-09-29,16:23
1781,15.1K,2019-09-29,16:25
1782,21.7K,2019-09-29,16:33
1783,18.7K,2019-09-29,16:35
1784,19.0K,2019-09-29,16:43
1785,17.7K,2019-09-29,16:50
1786,17.3K,2019-09-29,16:54
1787,19.4K,2019-09-29,16:57
1788,19.3K,2019-09-29,17:21
1789,13.9K,2019-09-29,18:38
1790,14.7K,2019-09-29,18:42
1791,13.8K,2019-09-29,19:24
1792,13.4K,2019-09-29,20:19
1793,12.6K,2019-09-29,23:14
1794,12.8K,2019-09-29,23:35
1795,13.3K,2019-09-29,23:57
1796,12.6K,2019-09-30,11:41
1797,12.4K,2019-09-30,18:13
1798,12.9K,2019-09-30,19:02
1799,12.8K,2019-09-30,22:52
1800,12.1K,2019-09-30,00:28
1801,12.2K,2019-10-01,08:41
1802,13.2K,2019-10-01,08:59
1803,26.3K,2019-10-01,13:22
1804,15.2K,2019-10-01,14:19
1805,12.5K,2019-10-01,14:39
1806,13.3K,2019-10-01,14:41
1807,14.2K,2019-10-01,14:42
1808,14.4K,2019-10-01,14:45
1809,13.5K,2019-10-01,14:50
1810,16.3K,2019-10-01,14:55
1811,15.3K,2019-10-01,15:06
1812,14.9K,2019-10-01,15:11
1813,15.1K,2019-10-01,15:14
1814,21.7K,2019-10-01,15:26
1815,18.7K,2019-10-01,15:34
1816,19.0K,2019-10-01,15:34
1817,17.7K,2019-10-01,15:34
1818,17.3K,2019-10-01,15:39
1819,19.4K,2019-10-01,16:24
1820,19.3K,2019-09-29,17:21
1821,13.9K,2019-09-29,18:38
1822,14.7K,2019-09-29,18:42
1823,13.8K,2019-09-29,19:24
1824,13.4K,2019-09-29,20:19
1825,12.6K,2019-09-29,23:14
1826,12.8K,2019-09-29,23:35
1827,13.3K,2019-09-29,23:57
1828,12.6K,2019-09-30,11:41
1829,12.4K,2019-09-30,18:13
1830,12.9K,2019-09-30,19:02
1831,12.8K,2019-09-30,22:52
1832,12.1K,2019-09-30,00:28
1833,12.2K,2019-10-01,08:41
1834,13.2K,2019-10-01,08:59
1835,26.3K,2019-10-01,13:22
1836,15.2K,2019-10-01,14:19
1837,15.6K,2019-10-01,14:39
1838,18.1K,2019-10-01,14:41
1839,27.4K,2019-10-01,14:42
1840,16.5K,2019-10-01,14:45
1841,17.9K,2019-10-01,14:50
1842,17.8K,2019-10-01,14:55
1843,16.9K,2019-10-01,15:06
1844,19.9K,2019-10-01,15:11
1845,18.7K,2019-10-01,15:14
1846,19.0K,2019-10-01,15:26
1847,17.7K,2019-10-01,15:34
1848,17.3K,2019-10-01,15:34
1849,19.4K,2019-10-01,15:34
1850,19.3K,2019-10-01,15:39
1851,13.9K,2019-10-01,16:24
1852,14.7K,2019-10-01,16:38
1853,13.8K,2019-10-01,16:39
1854,13.4K,2019-10-01,17:09
1855,12.6K,2019-10-01,17:15
1856,12.8K,2019-10-01,17:34
1857,13.3K,2019-10-01,17:37
1858,12.6K,2019-10-01,18:14
1859,12.4K,2019-10-01,18:43
1860,12.9K,2019-09-30,19:02
1861,12.8K,2019-09-30,22:52
1862,12.1K,2019-09-30,00:28
1863,12.2K,2019-10-01,08:41
1864,13.2K,2019-10-01,08:59
1865,26.3K,2019-10-01,13:22
1866,15.2K,2019-10-01,14:19
1867,15.6K,2019-10-01,14:39
1868,18.1K,2019-10-01,14:41
1869,27.4K,2019-10-01,14:42
1870,16.5K,2019-10-01,14:45
1871,17.9K,2019-10-01,14:50
1872,17.8K,2019-10-01,14:55
1873,16.9K,2019-10-01,15:06
1874,19.9K,2019-10-01,15:11
1875,21.2K,2019-10-01,15:14
1876,21.7K,2019-10-01,15:26
1877,24.0K,2019-10-01,15:34
1878,26.9K,2019-10-01,15:34
1879,27.0K,2019-10-01,15:34
1880,28.3K,2019-10-01,15:39
1881,28.8K,2019-10-01,16:24
1882,22.4K,2019-10-01,16:38
1883,41.5K,2019-10-01,16:39
1884,24.4K,2019-10-01,17:09
1885,12.6K,2019-10-01,17:15
1886,12.8K,2019-10-01,17:34
1887,13.3K,2019-10-01,17:37
1888,12.6K,2019-10-01,18:14
1889,12.4K,2019-10-01,18:43
1890,12.9K,2019-10-01,18:57
1891,12.8K,2019-10-01,18:57
1892,12.1K,2019-10-01,19:01
1893,12.2K,2019-10-01,19:10
1894,13.2K,2019-10-01,19:43
1895,26.3K,2019-10-01,23:23
1896,15.2K,2019-10-03,11:18
1897,15.6K,2019-10-04,15:23
1898,18.1K,2019-10-04,15:23
1899,27.4K,2019-10-04,16:54
1900,16.5K,2019-10-01,14:45
1901,17.9K,2019-10-01,14:50
1902,17.8K,2019-10-01,14:55
1903,16.9K,2019-10-01,15:06
1904,19.9K,2019-10-01,15:11
1905,26.3K,2019-10-01,15:14
1906,15.2K,2019-10-01,15:26
1907,15.6K,2019-10-01,15:34
1908,18.1K,2019-10-01,15:34
1909,27.4K,2019-10-01,15:34
1910,16.5K,2019-10-01,15:39
1911,17.9K,2019-10-01,16:24
1912,17.8K,2019-10-01,16:38
1913,16.9K,2019-10-01,16:39
1914,19.9K,2019-10-01,17:09
1915,21.2K,2019-10-01,17:15
1916,21.7K,2019-10-01,17:34
1917,24.0K,2019-10-01,17:37
1918,26.9K,2019-10-01,18:14
1919,27.0K,2019-10-01,18:43
1920,28.3K,2019-10-01,15:39
1921,28.8K,2019-10-01,16:24
1922,22.4K,2019-10-01,16:38
1923,41.5K,2019-10-01,16:39
1924,24.4K,2019-10-01,17:09
1925,21.2K,2019-10-01,17:15
1926,21.7K,2019-10-01,17:34
1927,24.0K,2019-10-01,17:37
1928,26.9K,2019-10-01,18:14
1929,27.0K,2019-10-01,18:43
1930,28.3K,2019-10-01,18:57
1931,28.8K,2019-10-01,18:57
1932,22.4K,2019-10-01,19:01
1933,41.5K,2019-10-01,19:10
1934,24.4K,2019-10-01,19:43
1935,33.6K,2019-10-01,23:23
1936,27.3K,2019-10-03,11:18
1937,42.8K,2019-10-04,15:23
1938,26.8K,2019-10-04,15:23
1939,42.6K,2019-10-04,16:54
1940,31.6K,2019-10-01,18:57
1941,33.7K,2019-10-01,18:57
1942,22.5K,2019-10-01,19:01
1943,24.3K,2019-10-01,19:10
1944,15.1K,2019-10-01,19:43
1945,33.6K,2019-10-01,23:23
1946,27.3K,2019-10-03,11:18
1947,42.8K,2019-10-04,15:23
1948,26.8K,2019-10-04,15:23
1949,42.6K,2019-10-04,16:54
1950,31.6K,2019-10-04,17:44
1951,33.7K,2019-10-04,18:20
1952,22.5K,2019-10-04,22:36
1953,24.3K,2019-10-04,23:43
1954,15.1K,2019-10-04,01:12
1955,18.4K,2019-10-05,15:12
1956,15.0K,2019-10-05,15:30
1957,15.0K,2019-10-06,16:59
1958,15.5K,2019-10-06,17:03
1959,31.1K,2019-10-06,17:16
1960,30.3K,2019-10-04,17:44
1961,24.5K,2019-10-04,18:20
1962,33.4K,2019-10-04,22:36
1963,37.6K,2019-10-04,23:43
1964,23.0K,2019-10-04,01:12
1965,25.2K,2019-10-05,15:12
1966,30.6K,2019-10-05,15:30
1967,29.0K,2019-10-06,16:59
1968,24.3K,2019-10-06,17:03
1969,19.6K,2019-10-06,17:16
1970,17.2K,2019-10-06,17:21
1971,20.0K,2019-10-06,17:30
1972,15.6K,2019-10-06,17:30
1973,14.1K,2019-10-06,17:31
1974,29.4K,2019-10-06,18:25
1975,14.4K,2019-10-06,18:45
1976,12.4K,2019-10-06,20:30
1977,11.8K,2019-10-06,21:55
1978,40.2K,2019-10-06,00:00
1979,10.8K,2019-10-07,22:52
1980,11.4K,2019-10-07,22:55
1981,49.4K,2019-10-08,10:45
1982,11.1K,2019-10-08,16:47
1983,10.9K,2019-10-13,23:21
1984,12.8K,2019-10-17,18:58
1985,18.4K,2019-10-18,12:03
1986,15.0K,2019-10-18,12:48
1987,15.0K,2019-10-19,18:35
1988,15.5K,2019-10-20,13:36
1989,31.1K,2019-10-20,13:57
1990,30.3K,2019-10-20,15:16
1991,24.5K,2019-10-20,15:20
1992,33.4K,2019-10-20,15:20
1993,37.6K,2019-10-20,15:27
1994,23.0K,2019-10-20,15:40
1995,25.2K,2019-10-20,15:46
1996,30.6K,2019-10-20,15:48
1997,29.0K,2019-10-20,15:56
1998,24.3K,2019-10-20,15:57
1999,19.6K,2019-10-20,16:08
2000,17.2K,2019-10-06,17:21
2001,20.0K,2019-10-06,17:30
2002,15.6K,2019-10-06,17:30
2003,14.1K,2019-10-06,17:31
2004,29.4K,2019-10-06,18:25
2005,14.4K,2019-10-06,18:45
2006,12.4K,2019-10-06,20:30
2007,11.8K,2019-10-06,21:55
2008,40.2K,2019-10-06,00:00
2009,10.8K,2019-10-07,22:52
2010,11.4K,2019-10-07,22:55
2011,49.4K,2019-10-08,10:45
2012,11.1K,2019-10-08,16:47
2013,10.9K,2019-10-13,23:21
2014,12.8K,2019-10-17,18:58
2015,18.1K,2019-10-18,12:03
2016,14.5K,2019-10-18,12:48
2017,19.0K,2019-10-19,18:35
2018,14.6K,2019-10-20,13:36
2019,14.8K,2019-10-20,13:57
2020,13.1K,2019-10-20,15:16
2021,19.2K,2019-10-20,15:20
2022,10.9K,2019-10-20,15:20
2023,12.5K,2019-10-20,15:27
2024,30.6K,2019-10-20,15:40
2025,25.2K,2019-10-20,15:46
2026,30.6K,2019-10-20,15:48
2027,29.0K,2019-10-20,15:56
2028,24.3K,2019-10-20,15:57
2029,19.6K,2019-10-20,16:08
2030,17.2K,2019-10-20,16:15
2031,20.0K,2019-10-20,16:31
2032,15.6K,2019-10-20,17:13
2033,14.1K,2019-10-20,17:41
2034,29.4K,2019-10-20,17:41
2035,14.4K,2019-10-21,09:31
2036,12.4K,2019-10-21,11:02
2037,11.8K,2019-10-21,11:42
2038,40.2K,2019-10-21,16:43
2039,10.8K,2019-10-21,20:57
2040,11.4K,2019-10-07,22:55
2041,49.4K,2019-10-08,10:45
2042,11.1K,2019-10-08,16:47
2043,10.9K,2019-10-13,23:21
2044,12.8K,2019-10-17,18:58
2045,18.1K,2019-10-18,12:03
2046,14.5K,2019-10-18,12:48
2047,19.0K,2019-10-19,18:35
2048,14.6K,2019-10-20,13:36
2049,14.8K,2019-10-20,13:57
2050,13.1K,2019-10-20,15:16
2051,19.2K,2019-10-20,15:20
2052,10.9K,2019-10-20,15:20
2053,12.5K,2019-10-20,15:27
2054,30.6K,2019-10-20,15:40
2055,11.3K,2019-10-20,15:46
2056,11.0K,2019-10-20,15:48
2057,31.8K,2019-10-20,15:56
2058,15.5K,2019-10-20,15:57
2059,22.6K,2019-10-20,16:08
2060,24.2K,2019-10-20,16:15
2061,17.4K,2019-10-20,16:31
2062,11.9K,2019-10-20,17:13
2063,11.6K,2019-10-20,17:41
2064,13.8K,2019-10-20,17:41
